-- phpMyAdmin SQL Dump
-- version 5.2.3
-- https://www.phpmyadmin.net/
--
-- Хост: 127.0.0.1:3306
-- Время создания: Июн 13 2026 г., 19:11
-- Версия сервера: 8.4.7
-- Версия PHP: 8.3.28

SET SQL_MODE = "NO_AUTO_VALUE_ON_ZERO";
START TRANSACTION;
SET time_zone = "+00:00";


/*!40101 SET @OLD_CHARACTER_SET_CLIENT=@@CHARACTER_SET_CLIENT */;
/*!40101 SET @OLD_CHARACTER_SET_RESULTS=@@CHARACTER_SET_RESULTS */;
/*!40101 SET @OLD_COLLATION_CONNECTION=@@COLLATION_CONNECTION */;
/*!40101 SET NAMES utf8mb4 */;

--
-- База данных: `electronic_textbook`
--

-- --------------------------------------------------------

--
-- Структура таблицы `achievements`
--

DROP TABLE IF EXISTS `achievements`;
CREATE TABLE IF NOT EXISTS `achievements` (
  `id` bigint UNSIGNED NOT NULL AUTO_INCREMENT,
  `name` varchar(191) CHARACTER SET utf8mb4 COLLATE utf8mb4_unicode_ci NOT NULL,
  `description` text CHARACTER SET utf8mb4 COLLATE utf8mb4_unicode_ci,
  `icon` varchar(191) CHARACTER SET utf8mb4 COLLATE utf8mb4_unicode_ci DEFAULT NULL,
  `points_reward` int NOT NULL DEFAULT '0',
  `condition_type` varchar(191) CHARACTER SET utf8mb4 COLLATE utf8mb4_unicode_ci DEFAULT NULL,
  `condition_value` int DEFAULT NULL,
  `created_at` timestamp NULL DEFAULT NULL,
  `updated_at` timestamp NULL DEFAULT NULL,
  PRIMARY KEY (`id`)
) ENGINE=MyISAM DEFAULT CHARSET=utf8mb4 COLLATE=utf8mb4_unicode_ci;

-- --------------------------------------------------------

--
-- Структура таблицы `answers`
--

DROP TABLE IF EXISTS `answers`;
CREATE TABLE IF NOT EXISTS `answers` (
  `id` bigint UNSIGNED NOT NULL AUTO_INCREMENT,
  `question_id` bigint UNSIGNED NOT NULL,
  `answer_text` text CHARACTER SET utf8mb4 COLLATE utf8mb4_unicode_ci NOT NULL,
  `is_correct` tinyint(1) NOT NULL,
  `order_index` int NOT NULL DEFAULT '0',
  `created_at` timestamp NULL DEFAULT NULL,
  `updated_at` timestamp NULL DEFAULT NULL,
  PRIMARY KEY (`id`),
  KEY `answers_question_id_foreign` (`question_id`)
) ENGINE=MyISAM AUTO_INCREMENT=692 DEFAULT CHARSET=utf8mb4 COLLATE=utf8mb4_unicode_ci;

--
-- Дамп данных таблицы `answers`
--

INSERT INTO `answers` (`id`, `question_id`, `answer_text`, `is_correct`, `order_index`, `created_at`, `updated_at`) VALUES
(258, 1, '8', 1, 1, '2026-06-13 11:41:27', '2026-06-13 11:41:27'),
(257, 1, '7', 0, 0, '2026-06-13 11:41:27', '2026-06-13 11:41:27'),
(4, 2, '9', 0, 0, '2026-05-10 13:27:37', '2026-05-10 13:27:37'),
(5, 2, '12', 1, 0, '2026-05-10 13:27:37', '2026-05-10 13:27:37'),
(6, 3, '5', 0, 0, '2026-05-10 13:27:37', '2026-05-10 13:27:37'),
(7, 3, '6', 1, 0, '2026-05-10 13:27:37', '2026-05-10 13:27:37'),
(8, 3, '7', 0, 0, '2026-05-10 13:27:37', '2026-05-10 13:27:37'),
(9, 4, '16', 0, 0, '2026-05-10 15:20:28', '2026-05-10 15:20:28'),
(10, 4, '5', 0, 1, '2026-05-10 15:20:28', '2026-05-10 15:20:28'),
(11, 4, '3', 0, 2, '2026-05-10 15:20:28', '2026-05-10 15:20:28'),
(12, 4, '12', 1, 3, '2026-05-10 15:20:28', '2026-05-10 15:20:28'),
(13, 5, '4', 0, 0, '2026-06-11 14:19:16', '2026-06-11 14:19:16'),
(14, 5, '5', 1, 0, '2026-06-11 14:19:16', '2026-06-11 14:19:16'),
(15, 5, '6', 0, 0, '2026-06-11 14:19:16', '2026-06-11 14:19:16'),
(16, 5, '7', 0, 0, '2026-06-11 14:19:16', '2026-06-11 14:19:16'),
(17, 6, '7', 0, 0, '2026-06-11 14:19:16', '2026-06-11 14:19:16'),
(18, 6, '8', 0, 0, '2026-06-11 14:19:16', '2026-06-11 14:19:16'),
(19, 6, '9', 1, 0, '2026-06-11 14:19:16', '2026-06-11 14:19:16'),
(20, 6, '10', 0, 0, '2026-06-11 14:19:16', '2026-06-11 14:19:16'),
(21, 7, '3', 0, 0, '2026-06-11 14:19:16', '2026-06-11 14:19:16'),
(22, 7, '4', 1, 0, '2026-06-11 14:19:16', '2026-06-11 14:19:16'),
(23, 7, '5', 0, 0, '2026-06-11 14:19:16', '2026-06-11 14:19:16'),
(24, 7, '6', 0, 0, '2026-06-11 14:19:16', '2026-06-11 14:19:16'),
(25, 8, '1', 0, 0, '2026-06-11 14:19:16', '2026-06-11 14:19:16'),
(26, 8, '2', 0, 0, '2026-06-11 14:19:16', '2026-06-11 14:19:16'),
(27, 8, '3', 1, 0, '2026-06-11 14:19:16', '2026-06-11 14:19:16'),
(28, 8, '4', 0, 0, '2026-06-11 14:19:16', '2026-06-11 14:19:16'),
(29, 9, '5', 0, 0, '2026-06-11 14:19:16', '2026-06-11 14:19:16'),
(30, 9, '6', 1, 0, '2026-06-11 14:19:16', '2026-06-11 14:19:16'),
(31, 9, '7', 0, 0, '2026-06-11 14:19:16', '2026-06-11 14:19:16'),
(32, 9, '8', 0, 0, '2026-06-11 14:19:16', '2026-06-11 14:19:16'),
(33, 10, '32', 0, 0, '2026-06-11 14:19:16', '2026-06-11 14:19:16'),
(34, 10, '42', 1, 0, '2026-06-11 14:19:16', '2026-06-11 14:19:16'),
(35, 10, '52', 0, 0, '2026-06-11 14:19:16', '2026-06-11 14:19:16'),
(36, 10, '62', 0, 0, '2026-06-11 14:19:16', '2026-06-11 14:19:16'),
(37, 11, '21', 0, 0, '2026-06-11 14:19:16', '2026-06-11 14:19:16'),
(38, 11, '22', 0, 0, '2026-06-11 14:19:16', '2026-06-11 14:19:16'),
(39, 11, '23', 0, 0, '2026-06-11 14:19:16', '2026-06-11 14:19:16'),
(40, 11, '24', 1, 0, '2026-06-11 14:19:16', '2026-06-11 14:19:16'),
(41, 12, '6', 0, 0, '2026-06-11 14:19:16', '2026-06-11 14:19:16'),
(42, 12, '7', 0, 0, '2026-06-11 14:19:16', '2026-06-11 14:19:16'),
(43, 12, '8', 1, 0, '2026-06-11 14:19:16', '2026-06-11 14:19:16'),
(44, 12, '9', 0, 0, '2026-06-11 14:19:16', '2026-06-11 14:19:16'),
(45, 13, '1 см', 0, 0, '2026-06-11 14:19:16', '2026-06-11 14:19:16'),
(46, 13, '5 см', 0, 0, '2026-06-11 14:19:16', '2026-06-11 14:19:16'),
(47, 13, '10 см', 1, 0, '2026-06-11 14:19:16', '2026-06-11 14:19:16'),
(48, 13, '100 см', 0, 0, '2026-06-11 14:19:16', '2026-06-11 14:19:16'),
(49, 14, '11', 0, 0, '2026-06-11 14:19:16', '2026-06-11 14:19:16'),
(50, 14, '13', 0, 0, '2026-06-11 14:19:16', '2026-06-11 14:19:16'),
(51, 14, '14', 1, 0, '2026-06-11 14:19:16', '2026-06-11 14:19:16'),
(52, 14, '17', 0, 0, '2026-06-11 14:19:16', '2026-06-11 14:19:16'),
(53, 15, '6', 0, 0, '2026-06-11 14:19:16', '2026-06-11 14:19:16'),
(54, 15, '7', 0, 0, '2026-06-11 14:19:16', '2026-06-11 14:19:16'),
(55, 15, '8', 1, 0, '2026-06-11 14:19:16', '2026-06-11 14:19:16'),
(56, 15, '9', 0, 0, '2026-06-11 14:19:16', '2026-06-11 14:19:16'),
(57, 16, '10 см', 0, 0, '2026-06-11 14:19:16', '2026-06-11 14:19:16'),
(58, 16, '15 см', 0, 0, '2026-06-11 14:19:16', '2026-06-11 14:19:16'),
(59, 16, '20 см', 1, 0, '2026-06-11 14:19:16', '2026-06-11 14:19:16'),
(60, 16, '25 см', 0, 0, '2026-06-11 14:19:16', '2026-06-11 14:19:16'),
(61, 17, '1/3', 0, 0, '2026-06-11 14:19:16', '2026-06-11 14:19:16'),
(62, 17, '1/4', 0, 0, '2026-06-11 14:19:16', '2026-06-11 14:19:16'),
(63, 17, '2/3', 1, 0, '2026-06-11 14:19:16', '2026-06-11 14:19:16'),
(64, 17, '1/5', 0, 0, '2026-06-11 14:19:16', '2026-06-11 14:19:16'),
(65, 18, '120', 0, 0, '2026-06-11 14:19:16', '2026-06-11 14:19:16'),
(66, 18, '150', 0, 0, '2026-06-11 14:19:16', '2026-06-11 14:19:16'),
(67, 18, '180', 1, 0, '2026-06-11 14:19:16', '2026-06-11 14:19:16'),
(68, 18, '200', 0, 0, '2026-06-11 14:19:16', '2026-06-11 14:19:16'),
(69, 19, '62', 0, 0, '2026-06-11 14:19:16', '2026-06-11 14:19:16'),
(70, 19, '72', 1, 0, '2026-06-11 14:19:16', '2026-06-11 14:19:16'),
(71, 19, '82', 0, 0, '2026-06-11 14:19:16', '2026-06-11 14:19:16'),
(72, 19, '92', 0, 0, '2026-06-11 14:19:16', '2026-06-11 14:19:16'),
(73, 20, '800', 0, 0, '2026-06-11 14:19:16', '2026-06-11 14:19:16'),
(74, 20, '900', 0, 0, '2026-06-11 14:19:16', '2026-06-11 14:19:16'),
(75, 20, '1000', 1, 0, '2026-06-11 14:19:16', '2026-06-11 14:19:16'),
(76, 20, '1100', 0, 0, '2026-06-11 14:19:16', '2026-06-11 14:19:16'),
(77, 21, '20 см²', 0, 0, '2026-06-11 14:19:16', '2026-06-11 14:19:16'),
(78, 21, '24 см²', 1, 0, '2026-06-11 14:19:16', '2026-06-11 14:19:16'),
(79, 21, '28 см²', 0, 0, '2026-06-11 14:19:16', '2026-06-11 14:19:16'),
(80, 21, '32 см²', 0, 0, '2026-06-11 14:19:16', '2026-06-11 14:19:16'),
(81, 22, '5', 0, 0, '2026-06-11 14:19:16', '2026-06-11 14:19:16'),
(82, 22, '7', 0, 0, '2026-06-11 14:19:16', '2026-06-11 14:19:16'),
(83, 22, '9', 1, 0, '2026-06-11 14:19:16', '2026-06-11 14:19:16'),
(84, 22, '11', 0, 0, '2026-06-11 14:19:16', '2026-06-11 14:19:16'),
(85, 23, '300', 0, 0, '2026-06-11 14:19:16', '2026-06-11 14:19:16'),
(86, 23, '3000', 1, 0, '2026-06-11 14:19:16', '2026-06-11 14:19:16'),
(87, 23, '30000', 0, 0, '2026-06-11 14:19:16', '2026-06-11 14:19:16'),
(88, 23, '30', 0, 0, '2026-06-11 14:19:16', '2026-06-11 14:19:16'),
(89, 24, '27', 1, 0, '2026-06-11 14:19:16', '2026-06-11 14:19:16'),
(90, 24, '28', 0, 0, '2026-06-11 14:19:16', '2026-06-11 14:19:16'),
(91, 24, '29', 0, 0, '2026-06-11 14:19:16', '2026-06-11 14:19:16'),
(92, 24, '30', 0, 0, '2026-06-11 14:19:16', '2026-06-11 14:19:16'),
(93, 25, 'А', 0, 0, '2026-06-11 14:19:16', '2026-06-11 14:19:16'),
(94, 25, 'М', 1, 0, '2026-06-11 14:19:16', '2026-06-11 14:19:16'),
(95, 25, 'О', 0, 0, '2026-06-11 14:19:16', '2026-06-11 14:19:16'),
(96, 25, 'У', 0, 0, '2026-06-11 14:19:16', '2026-06-11 14:19:16'),
(97, 26, '1', 0, 0, '2026-06-11 14:19:16', '2026-06-11 14:19:16'),
(98, 26, '2', 1, 0, '2026-06-11 14:19:16', '2026-06-11 14:19:16'),
(99, 26, '3', 0, 0, '2026-06-11 14:19:16', '2026-06-11 14:19:16'),
(100, 26, '4', 0, 0, '2026-06-11 14:19:16', '2026-06-11 14:19:16'),
(101, 27, 'Кот', 0, 0, '2026-06-11 14:19:16', '2026-06-11 14:19:16'),
(102, 27, 'Стол', 0, 0, '2026-06-11 14:19:16', '2026-06-11 14:19:16'),
(103, 27, 'Утка', 1, 0, '2026-06-11 14:19:16', '2026-06-11 14:19:16'),
(104, 27, 'Дом', 0, 0, '2026-06-11 14:19:16', '2026-06-11 14:19:16'),
(105, 28, 'есть', 1, 0, '2026-06-11 14:19:16', '2026-06-11 14:19:16'),
(106, 28, 'нет', 0, 0, '2026-06-11 14:19:16', '2026-06-11 14:19:16'),
(107, 28, 'был', 0, 0, '2026-06-11 14:19:16', '2026-06-11 14:19:16'),
(108, 28, 'будет', 0, 0, '2026-06-11 14:19:16', '2026-06-11 14:19:16'),
(109, 29, 'город', 0, 0, '2026-06-11 14:19:16', '2026-06-11 14:19:16'),
(110, 29, 'москва', 1, 0, '2026-06-11 14:19:16', '2026-06-11 14:19:16'),
(111, 29, 'река', 0, 0, '2026-06-11 14:19:16', '2026-06-11 14:19:16'),
(112, 29, 'дерево', 0, 0, '2026-06-11 14:19:16', '2026-06-11 14:19:16'),
(113, 30, 'Лиса', 0, 0, '2026-06-11 14:19:16', '2026-06-11 14:19:16'),
(114, 30, 'Мяч', 0, 0, '2026-06-11 14:19:16', '2026-06-11 14:19:16'),
(115, 30, 'Рука', 1, 0, '2026-06-11 14:19:16', '2026-06-11 14:19:16'),
(116, 30, 'Чай', 0, 0, '2026-06-11 14:19:16', '2026-06-11 14:19:16'),
(117, 31, 'снега', 1, 0, '2026-06-11 14:19:16', '2026-06-11 14:19:16'),
(118, 31, 'снежный', 0, 0, '2026-06-11 14:19:16', '2026-06-11 14:19:16'),
(119, 31, 'снежок', 0, 0, '2026-06-11 14:19:16', '2026-06-11 14:19:16'),
(120, 31, 'снеговик', 0, 0, '2026-06-11 14:19:16', '2026-06-11 14:19:16'),
(121, 32, 'о-сень', 1, 0, '2026-06-11 14:19:16', '2026-06-11 14:19:16'),
(122, 32, 'ос-ень', 0, 0, '2026-06-11 14:19:16', '2026-06-11 14:19:16'),
(123, 32, 'осе-нь', 0, 0, '2026-06-11 14:19:16', '2026-06-11 14:19:16'),
(124, 32, 'нельзя', 0, 0, '2026-06-11 14:19:16', '2026-06-11 14:19:16'),
(125, 33, 'а', 0, 0, '2026-06-11 14:19:16', '2026-06-11 14:19:16'),
(126, 33, 'е', 0, 0, '2026-06-11 14:19:16', '2026-06-11 14:19:16'),
(127, 33, 'и', 1, 0, '2026-06-11 14:19:16', '2026-06-11 14:19:16'),
(128, 33, 'о', 0, 0, '2026-06-11 14:19:16', '2026-06-11 14:19:16'),
(129, 34, 'Бежать', 0, 0, '2026-06-11 14:19:16', '2026-06-11 14:19:16'),
(130, 34, 'Красивый', 0, 0, '2026-06-11 14:19:16', '2026-06-11 14:19:16'),
(131, 34, 'Стол', 1, 0, '2026-06-11 14:19:16', '2026-06-11 14:19:16'),
(132, 34, 'Быстро', 0, 0, '2026-06-11 14:19:16', '2026-06-11 14:19:16'),
(133, 35, 'Подъезд', 1, 0, '2026-06-11 14:19:16', '2026-06-11 14:19:16'),
(134, 35, 'Подушка', 0, 0, '2026-06-11 14:19:16', '2026-06-11 14:19:16'),
(135, 35, 'Подруга', 0, 0, '2026-06-11 14:19:16', '2026-06-11 14:19:16'),
(136, 35, 'Подвиг', 0, 0, '2026-06-11 14:19:16', '2026-06-11 14:19:16'),
(137, 36, 'Именительный', 0, 0, '2026-06-11 14:19:16', '2026-06-11 14:19:16'),
(138, 36, 'Родительный', 0, 0, '2026-06-11 14:19:16', '2026-06-11 14:19:16'),
(139, 36, 'Винительный', 1, 0, '2026-06-11 14:19:16', '2026-06-11 14:19:16'),
(140, 36, 'Предложный', 0, 0, '2026-06-11 14:19:16', '2026-06-11 14:19:16'),
(141, 37, 'Играет', 0, 0, '2026-06-11 14:19:16', '2026-06-11 14:19:16'),
(142, 37, 'Играл', 1, 0, '2026-06-11 14:19:16', '2026-06-11 14:19:16'),
(143, 37, 'Будет играть', 0, 0, '2026-06-11 14:19:16', '2026-06-11 14:19:16'),
(144, 37, 'Играющий', 0, 0, '2026-06-11 14:19:16', '2026-06-11 14:19:16'),
(145, 38, 'слитно', 0, 0, '2026-06-11 14:19:16', '2026-06-11 14:19:16'),
(146, 38, 'раздельно', 1, 0, '2026-06-11 14:19:16', '2026-06-11 14:19:16'),
(147, 38, 'через дефис', 0, 0, '2026-06-11 14:19:16', '2026-06-11 14:19:16'),
(148, 38, 'всегда слитно', 0, 0, '2026-06-11 14:19:16', '2026-06-11 14:19:16'),
(149, 39, 'Доч_ка', 1, 0, '2026-06-11 14:19:16', '2026-06-11 14:19:16'),
(150, 39, 'Ноч_ной', 0, 0, '2026-06-11 14:19:16', '2026-06-11 14:19:16'),
(151, 39, 'Мел_ница', 0, 0, '2026-06-11 14:19:16', '2026-06-11 14:19:16'),
(152, 39, 'Пен_', 0, 0, '2026-06-11 14:19:16', '2026-06-11 14:19:16'),
(153, 40, '1', 0, 0, '2026-06-11 14:19:16', '2026-06-11 14:19:16'),
(154, 40, '2', 1, 0, '2026-06-11 14:19:16', '2026-06-11 14:19:16'),
(155, 40, '3', 0, 0, '2026-06-11 14:19:16', '2026-06-11 14:19:16'),
(156, 40, '4', 0, 0, '2026-06-11 14:19:16', '2026-06-11 14:19:16'),
(157, 41, 'Гореть', 1, 0, '2026-06-11 14:19:16', '2026-06-11 14:19:16'),
(158, 41, 'Гора', 0, 0, '2026-06-11 14:19:16', '2026-06-11 14:19:16'),
(159, 41, 'Горный', 0, 0, '2026-06-11 14:19:16', '2026-06-11 14:19:16'),
(160, 41, 'Горюшко', 0, 0, '2026-06-11 14:19:16', '2026-06-11 14:19:16'),
(161, 42, 'Нож_', 0, 0, '2026-06-11 14:19:16', '2026-06-11 14:19:16'),
(162, 42, 'Мяч_', 0, 0, '2026-06-11 14:19:16', '2026-06-11 14:19:16'),
(163, 42, 'Грач_', 0, 0, '2026-06-11 14:19:16', '2026-06-11 14:19:16'),
(164, 42, 'Тиш_', 1, 0, '2026-06-11 14:19:16', '2026-06-11 14:19:16'),
(165, 43, 'Красивый', 0, 0, '2026-06-11 14:19:16', '2026-06-11 14:19:16'),
(166, 43, 'Он', 1, 0, '2026-06-11 14:19:16', '2026-06-11 14:19:16'),
(167, 43, 'Бежать', 0, 0, '2026-06-11 14:19:16', '2026-06-11 14:19:16'),
(168, 43, 'Пять', 0, 0, '2026-06-11 14:19:16', '2026-06-11 14:19:16'),
(169, 44, 'Мама сказала, что пора ужинать.', 0, 0, '2026-06-11 14:19:16', '2026-06-11 14:19:16'),
(170, 44, '\"Пойдём гулять\", – предложил друг.', 1, 0, '2026-06-11 14:19:16', '2026-06-11 14:19:16'),
(171, 44, 'Я думаю, что завтра будет солнце.', 0, 0, '2026-06-11 14:19:16', '2026-06-11 14:19:16'),
(172, 44, 'Он спросил, где магазин.', 0, 0, '2026-06-11 14:19:16', '2026-06-11 14:19:16'),
(173, 45, 'Волк', 0, 0, '2026-06-11 14:19:16', '2026-06-11 14:19:16'),
(174, 45, 'Лиса', 0, 0, '2026-06-11 14:19:16', '2026-06-11 14:19:16'),
(175, 45, 'Корова', 1, 0, '2026-06-11 14:19:16', '2026-06-11 14:19:16'),
(176, 45, 'Медведь', 0, 0, '2026-06-11 14:19:16', '2026-06-11 14:19:16'),
(177, 46, 'Жёлтые', 0, 0, '2026-06-11 14:19:16', '2026-06-11 14:19:16'),
(178, 46, 'Зелёные', 1, 0, '2026-06-11 14:19:16', '2026-06-11 14:19:16'),
(179, 46, 'Красные', 0, 0, '2026-06-11 14:19:16', '2026-06-11 14:19:16'),
(180, 46, 'Оранжевые', 0, 0, '2026-06-11 14:19:16', '2026-06-11 14:19:16'),
(181, 47, 'Яблоко', 0, 0, '2026-06-11 14:19:16', '2026-06-11 14:19:16'),
(182, 47, 'Огурец', 1, 0, '2026-06-11 14:19:16', '2026-06-11 14:19:16'),
(183, 47, 'Груша', 0, 0, '2026-06-11 14:19:16', '2026-06-11 14:19:16'),
(184, 47, 'Слива', 0, 0, '2026-06-11 14:19:16', '2026-06-11 14:19:16'),
(185, 48, 'Заяц', 0, 0, '2026-06-11 14:19:16', '2026-06-11 14:19:16'),
(186, 48, 'Волк', 0, 0, '2026-06-11 14:19:16', '2026-06-11 14:19:16'),
(187, 48, 'Медведь', 1, 0, '2026-06-11 14:19:16', '2026-06-11 14:19:16'),
(188, 48, 'Лиса', 0, 0, '2026-06-11 14:19:16', '2026-06-11 14:19:16'),
(189, 49, 'Марс', 0, 0, '2026-06-11 14:19:16', '2026-06-11 14:19:16'),
(190, 49, 'Венера', 0, 0, '2026-06-11 14:19:16', '2026-06-11 14:19:16'),
(191, 49, 'Земля', 1, 0, '2026-06-11 14:19:16', '2026-06-11 14:19:16'),
(192, 49, 'Юпитер', 0, 0, '2026-06-11 14:19:16', '2026-06-11 14:19:16'),
(193, 50, 'Берёза', 0, 0, '2026-06-11 14:19:16', '2026-06-11 14:19:16'),
(194, 50, 'Дуб', 0, 0, '2026-06-11 14:19:16', '2026-06-11 14:19:16'),
(195, 50, 'Сосна', 1, 0, '2026-06-11 14:19:16', '2026-06-11 14:19:16'),
(196, 50, 'Клён', 0, 0, '2026-06-11 14:19:16', '2026-06-11 14:19:16'),
(197, 51, 'Модель Земли', 1, 0, '2026-06-11 14:19:16', '2026-06-11 14:19:16'),
(198, 51, 'Карта мира', 0, 0, '2026-06-11 14:19:16', '2026-06-11 14:19:16'),
(199, 51, 'Телескоп', 0, 0, '2026-06-11 14:19:16', '2026-06-11 14:19:16'),
(200, 51, 'Компас', 0, 0, '2026-06-11 14:19:16', '2026-06-11 14:19:16'),
(201, 52, 'Крапива', 0, 0, '2026-06-11 14:19:16', '2026-06-11 14:19:16'),
(202, 52, 'Подорожник', 0, 0, '2026-06-11 14:19:16', '2026-06-11 14:19:16'),
(203, 52, 'Лопух', 0, 0, '2026-06-11 14:19:16', '2026-06-11 14:19:16'),
(204, 52, 'Все варианты', 1, 0, '2026-06-11 14:19:16', '2026-06-11 14:19:16'),
(205, 53, 'Углекислый', 0, 0, '2026-06-11 14:19:16', '2026-06-11 14:19:16'),
(206, 53, 'Азот', 0, 0, '2026-06-11 14:19:16', '2026-06-11 14:19:16'),
(207, 53, 'Кислород', 1, 0, '2026-06-11 14:19:16', '2026-06-11 14:19:16'),
(208, 53, 'Водород', 0, 0, '2026-06-11 14:19:16', '2026-06-11 14:19:16'),
(209, 54, 'Собака', 0, 0, '2026-06-11 14:19:16', '2026-06-11 14:19:16'),
(210, 54, 'Кошка', 0, 0, '2026-06-11 14:19:16', '2026-06-11 14:19:16'),
(211, 54, 'Амурский тигр', 1, 0, '2026-06-11 14:19:16', '2026-06-11 14:19:16'),
(212, 54, 'Ворона', 0, 0, '2026-06-11 14:19:16', '2026-06-11 14:19:16'),
(213, 55, 'Лес, луг, болото', 0, 0, '2026-06-11 14:19:16', '2026-06-11 14:19:16'),
(214, 55, 'Город, деревня', 0, 0, '2026-06-11 14:19:16', '2026-06-11 14:19:16'),
(215, 55, 'Река, озеро, море', 0, 0, '2026-06-11 14:19:16', '2026-06-11 14:19:16'),
(216, 55, 'Все варианты', 1, 0, '2026-06-11 14:19:16', '2026-06-11 14:19:16'),
(217, 56, 'Последовательность, кто кого ест', 1, 0, '2026-06-11 14:19:16', '2026-06-11 14:19:16'),
(218, 56, 'Способ приготовления пищи', 0, 0, '2026-06-11 14:19:16', '2026-06-11 14:19:16'),
(219, 56, 'Хранение продуктов', 0, 0, '2026-06-11 14:19:16', '2026-06-11 14:19:16'),
(220, 56, 'Нет правильного ответа', 0, 0, '2026-06-11 14:19:16', '2026-06-11 14:19:16'),
(221, 57, 'Евразия', 0, 0, '2026-06-11 14:19:16', '2026-06-11 14:19:16'),
(222, 57, 'Африка', 1, 0, '2026-06-11 14:19:16', '2026-06-11 14:19:16'),
(223, 57, 'Австралия', 0, 0, '2026-06-11 14:19:16', '2026-06-11 14:19:16'),
(224, 57, 'Южная Америка', 0, 0, '2026-06-11 14:19:16', '2026-06-11 14:19:16'),
(225, 58, 'Собирать грибы', 0, 0, '2026-06-11 14:19:16', '2026-06-11 14:19:16'),
(226, 58, 'Разжигать костёр без присмотра', 1, 0, '2026-06-11 14:19:16', '2026-06-11 14:19:16'),
(227, 58, 'Наблюдать за птицами', 0, 0, '2026-06-11 14:19:16', '2026-06-11 14:19:16'),
(228, 58, 'Фотографировать', 0, 0, '2026-06-11 14:19:16', '2026-06-11 14:19:16'),
(229, 59, 'Барометр', 0, 0, '2026-06-11 14:19:16', '2026-06-11 14:19:16'),
(230, 59, 'Термометр', 1, 0, '2026-06-11 14:19:16', '2026-06-11 14:19:16'),
(231, 59, 'Спидометр', 0, 0, '2026-06-11 14:19:16', '2026-06-11 14:19:16'),
(232, 59, 'Гигрометр', 0, 0, '2026-06-11 14:19:16', '2026-06-11 14:19:16'),
(233, 60, 'Гагарин', 1, 0, '2026-06-11 14:19:16', '2026-06-11 14:19:16'),
(234, 60, 'Титов', 0, 0, '2026-06-11 14:19:16', '2026-06-11 14:19:16'),
(235, 60, 'Леонов', 0, 0, '2026-06-11 14:19:16', '2026-06-11 14:19:16'),
(236, 60, 'Армстронг', 0, 0, '2026-06-11 14:19:16', '2026-06-11 14:19:16'),
(237, 61, 'Индийский', 0, 0, '2026-06-11 14:19:16', '2026-06-11 14:19:16'),
(238, 61, 'Атлантический', 0, 0, '2026-06-11 14:19:16', '2026-06-11 14:19:16'),
(239, 61, 'Тихий', 1, 0, '2026-06-11 14:19:16', '2026-06-11 14:19:16'),
(240, 61, 'Северный Ледовитый', 0, 0, '2026-06-11 14:19:16', '2026-06-11 14:19:16'),
(241, 62, 'Линия, где небо сходится с землёй', 1, 0, '2026-06-11 14:19:16', '2026-06-11 14:19:16'),
(242, 62, 'Вертикальная линия', 0, 0, '2026-06-11 14:19:16', '2026-06-11 14:19:16'),
(243, 62, 'Уровень моря', 0, 0, '2026-06-11 14:19:16', '2026-06-11 14:19:16'),
(244, 62, 'Часть суши', 0, 0, '2026-06-11 14:19:16', '2026-06-11 14:19:16'),
(245, 63, 'Медведь', 1, 0, '2026-06-11 14:19:16', '2026-06-11 14:19:16'),
(246, 63, 'Орёл', 0, 0, '2026-06-11 14:19:16', '2026-06-11 14:19:16'),
(247, 63, 'Волк', 0, 0, '2026-06-11 14:19:16', '2026-06-11 14:19:16'),
(248, 63, 'Лось', 0, 0, '2026-06-11 14:19:16', '2026-06-11 14:19:16'),
(249, 64, 'Санкт-Петербург', 0, 0, '2026-06-11 14:19:16', '2026-06-11 14:19:16'),
(250, 64, 'Москва', 1, 0, '2026-06-11 14:19:16', '2026-06-11 14:19:16'),
(251, 64, 'Новосибирск', 0, 0, '2026-06-11 14:19:16', '2026-06-11 14:19:16'),
(252, 64, 'Казань', 0, 0, '2026-06-11 14:19:16', '2026-06-11 14:19:16'),
(253, 65, '3', 1, 0, '2026-06-13 11:41:06', '2026-06-13 11:41:06'),
(254, 65, '2', 0, 1, '2026-06-13 11:41:06', '2026-06-13 11:41:06'),
(255, 65, '21', 0, 2, '2026-06-13 11:41:06', '2026-06-13 11:41:06'),
(256, 65, '4', 0, 3, '2026-06-13 11:41:06', '2026-06-13 11:41:06'),
(259, 1, '9', 0, 2, '2026-06-13 11:41:27', '2026-06-13 11:41:27'),
(260, 66, 'w', 0, 0, '2026-06-13 11:41:55', '2026-06-13 11:41:55'),
(261, 66, 'w', 1, 1, '2026-06-13 11:41:55', '2026-06-13 11:41:55'),
(262, 66, 'w', 0, 2, '2026-06-13 11:41:55', '2026-06-13 11:41:55'),
(263, 66, 'w', 0, 3, '2026-06-13 11:41:55', '2026-06-13 11:41:55'),
(264, 67, '4', 0, 0, '2026-06-13 12:02:13', '2026-06-13 12:02:13'),
(265, 67, '5', 1, 0, '2026-06-13 12:02:13', '2026-06-13 12:02:13'),
(266, 67, '6', 0, 0, '2026-06-13 12:02:13', '2026-06-13 12:02:13'),
(267, 67, '7', 0, 0, '2026-06-13 12:02:13', '2026-06-13 12:02:13'),
(268, 68, '2', 0, 0, '2026-06-13 12:02:13', '2026-06-13 12:02:13'),
(269, 68, '3', 1, 0, '2026-06-13 12:02:13', '2026-06-13 12:02:13'),
(270, 68, '4', 0, 0, '2026-06-13 12:02:13', '2026-06-13 12:02:13'),
(271, 68, '5', 0, 0, '2026-06-13 12:02:13', '2026-06-13 12:02:13'),
(272, 69, '4', 0, 0, '2026-06-13 12:02:13', '2026-06-13 12:02:13'),
(273, 69, '5', 1, 0, '2026-06-13 12:02:13', '2026-06-13 12:02:13'),
(274, 69, '6', 0, 0, '2026-06-13 12:02:13', '2026-06-13 12:02:13'),
(275, 69, '7', 0, 0, '2026-06-13 12:02:13', '2026-06-13 12:02:13'),
(276, 70, '4', 1, 0, '2026-06-13 12:02:13', '2026-06-13 12:02:13'),
(277, 70, '5', 0, 0, '2026-06-13 12:02:13', '2026-06-13 12:02:13'),
(278, 70, '6', 0, 0, '2026-06-13 12:02:13', '2026-06-13 12:02:13'),
(279, 70, '7', 0, 0, '2026-06-13 12:02:13', '2026-06-13 12:02:13'),
(280, 71, '0', 0, 0, '2026-06-13 12:02:13', '2026-06-13 12:02:13'),
(281, 71, '5', 1, 0, '2026-06-13 12:02:13', '2026-06-13 12:02:13'),
(282, 71, '10', 0, 0, '2026-06-13 12:02:13', '2026-06-13 12:02:13'),
(283, 71, '1', 0, 0, '2026-06-13 12:02:13', '2026-06-13 12:02:13'),
(284, 72, '7', 0, 0, '2026-06-13 12:02:13', '2026-06-13 12:02:13'),
(285, 72, '8', 0, 0, '2026-06-13 12:02:13', '2026-06-13 12:02:13'),
(286, 72, '9', 1, 0, '2026-06-13 12:02:13', '2026-06-13 12:02:13'),
(287, 72, '10', 0, 0, '2026-06-13 12:02:13', '2026-06-13 12:02:13'),
(288, 73, '3', 1, 0, '2026-06-13 12:02:13', '2026-06-13 12:02:13'),
(289, 73, '4', 0, 0, '2026-06-13 12:02:13', '2026-06-13 12:02:13'),
(290, 73, '5', 0, 0, '2026-06-13 12:02:13', '2026-06-13 12:02:13'),
(291, 73, '6', 0, 0, '2026-06-13 12:02:13', '2026-06-13 12:02:13'),
(292, 74, '>', 1, 0, '2026-06-13 12:02:13', '2026-06-13 12:02:13'),
(293, 74, '<', 0, 0, '2026-06-13 12:02:13', '2026-06-13 12:02:13'),
(294, 74, '=', 0, 0, '2026-06-13 12:02:13', '2026-06-13 12:02:13'),
(295, 75, '>', 0, 0, '2026-06-13 12:02:13', '2026-06-13 12:02:13'),
(296, 75, '<', 0, 0, '2026-06-13 12:02:13', '2026-06-13 12:02:13'),
(297, 75, '=', 1, 0, '2026-06-13 12:02:13', '2026-06-13 12:02:13'),
(298, 76, '5', 0, 0, '2026-06-13 12:02:13', '2026-06-13 12:02:13'),
(299, 76, '6', 1, 0, '2026-06-13 12:02:13', '2026-06-13 12:02:13'),
(300, 76, '7', 0, 0, '2026-06-13 12:02:13', '2026-06-13 12:02:13'),
(301, 76, '8', 0, 0, '2026-06-13 12:02:13', '2026-06-13 12:02:13'),
(302, 77, '6', 0, 0, '2026-06-13 12:02:13', '2026-06-13 12:02:13'),
(303, 77, '8', 1, 0, '2026-06-13 12:02:13', '2026-06-13 12:02:13'),
(304, 77, '10', 0, 0, '2026-06-13 12:02:13', '2026-06-13 12:02:13'),
(305, 77, '12', 0, 0, '2026-06-13 12:02:13', '2026-06-13 12:02:13'),
(306, 78, '2', 0, 0, '2026-06-13 12:02:13', '2026-06-13 12:02:13'),
(307, 78, '3', 0, 0, '2026-06-13 12:02:13', '2026-06-13 12:02:13'),
(308, 78, '4', 1, 0, '2026-06-13 12:02:13', '2026-06-13 12:02:13'),
(309, 78, '5', 0, 0, '2026-06-13 12:02:13', '2026-06-13 12:02:13'),
(310, 79, '12', 0, 0, '2026-06-13 12:02:13', '2026-06-13 12:02:13'),
(311, 79, '14', 1, 0, '2026-06-13 12:02:13', '2026-06-13 12:02:13'),
(312, 79, '16', 0, 0, '2026-06-13 12:02:13', '2026-06-13 12:02:13'),
(313, 79, '18', 0, 0, '2026-06-13 12:02:13', '2026-06-13 12:02:13'),
(314, 80, '4', 0, 0, '2026-06-13 12:02:13', '2026-06-13 12:02:13'),
(315, 80, '5', 1, 0, '2026-06-13 12:02:13', '2026-06-13 12:02:13'),
(316, 80, '6', 0, 0, '2026-06-13 12:02:13', '2026-06-13 12:02:13'),
(317, 80, '7', 0, 0, '2026-06-13 12:02:13', '2026-06-13 12:02:13'),
(318, 81, '6', 0, 0, '2026-06-13 12:02:13', '2026-06-13 12:02:13'),
(319, 81, '8', 0, 0, '2026-06-13 12:02:13', '2026-06-13 12:02:13'),
(320, 81, '10', 0, 0, '2026-06-13 12:02:13', '2026-06-13 12:02:13'),
(321, 81, '12', 1, 0, '2026-06-13 12:02:13', '2026-06-13 12:02:13'),
(322, 82, '6', 0, 0, '2026-06-13 12:02:13', '2026-06-13 12:02:13'),
(323, 82, '9', 1, 0, '2026-06-13 12:02:14', '2026-06-13 12:02:14'),
(324, 82, '12', 0, 0, '2026-06-13 12:02:14', '2026-06-13 12:02:14'),
(325, 82, '15', 0, 0, '2026-06-13 12:02:14', '2026-06-13 12:02:14'),
(326, 83, '12', 0, 0, '2026-06-13 12:02:14', '2026-06-13 12:02:14'),
(327, 83, '15', 1, 0, '2026-06-13 12:02:14', '2026-06-13 12:02:14'),
(328, 83, '18', 0, 0, '2026-06-13 12:02:14', '2026-06-13 12:02:14'),
(329, 83, '21', 0, 0, '2026-06-13 12:02:14', '2026-06-13 12:02:14'),
(330, 84, '5', 0, 0, '2026-06-13 12:02:14', '2026-06-13 12:02:14'),
(331, 84, '6', 1, 0, '2026-06-13 12:02:14', '2026-06-13 12:02:14'),
(332, 84, '7', 0, 0, '2026-06-13 12:02:14', '2026-06-13 12:02:14'),
(333, 84, '8', 0, 0, '2026-06-13 12:02:14', '2026-06-13 12:02:14'),
(334, 85, '18', 0, 0, '2026-06-13 12:02:14', '2026-06-13 12:02:14'),
(335, 85, '20', 0, 0, '2026-06-13 12:02:14', '2026-06-13 12:02:14'),
(336, 85, '21', 1, 0, '2026-06-13 12:02:14', '2026-06-13 12:02:14'),
(337, 85, '24', 0, 0, '2026-06-13 12:02:14', '2026-06-13 12:02:14'),
(338, 86, '0', 1, 0, '2026-06-13 12:02:14', '2026-06-13 12:02:14'),
(339, 86, '3', 0, 0, '2026-06-13 12:02:14', '2026-06-13 12:02:14'),
(340, 86, '6', 0, 0, '2026-06-13 12:02:14', '2026-06-13 12:02:14'),
(341, 86, '9', 0, 0, '2026-06-13 12:02:14', '2026-06-13 12:02:14'),
(342, 87, '60', 0, 0, '2026-06-13 12:02:14', '2026-06-13 12:02:14'),
(343, 87, '80', 1, 0, '2026-06-13 12:02:14', '2026-06-13 12:02:14'),
(344, 87, '100', 0, 0, '2026-06-13 12:02:14', '2026-06-13 12:02:14'),
(345, 87, '120', 0, 0, '2026-06-13 12:02:14', '2026-06-13 12:02:14'),
(346, 88, '20', 0, 0, '2026-06-13 12:02:14', '2026-06-13 12:02:14'),
(347, 88, '30', 1, 0, '2026-06-13 12:02:14', '2026-06-13 12:02:14'),
(348, 88, '40', 0, 0, '2026-06-13 12:02:14', '2026-06-13 12:02:14'),
(349, 88, '50', 0, 0, '2026-06-13 12:02:14', '2026-06-13 12:02:14'),
(350, 89, '80', 0, 0, '2026-06-13 12:02:14', '2026-06-13 12:02:14'),
(351, 89, '90', 1, 0, '2026-06-13 12:02:14', '2026-06-13 12:02:14'),
(352, 89, '100', 0, 0, '2026-06-13 12:02:14', '2026-06-13 12:02:14'),
(353, 89, '110', 0, 0, '2026-06-13 12:02:14', '2026-06-13 12:02:14'),
(354, 90, '20', 0, 0, '2026-06-13 12:02:14', '2026-06-13 12:02:14'),
(355, 90, '30', 1, 0, '2026-06-13 12:02:14', '2026-06-13 12:02:14'),
(356, 90, '40', 0, 0, '2026-06-13 12:02:14', '2026-06-13 12:02:14'),
(357, 90, '50', 0, 0, '2026-06-13 12:02:14', '2026-06-13 12:02:14'),
(358, 91, '60', 0, 0, '2026-06-13 12:02:14', '2026-06-13 12:02:14'),
(359, 91, '90', 0, 0, '2026-06-13 12:02:14', '2026-06-13 12:02:14'),
(360, 91, '120', 1, 0, '2026-06-13 12:02:14', '2026-06-13 12:02:14'),
(361, 91, '150', 0, 0, '2026-06-13 12:02:14', '2026-06-13 12:02:14'),
(362, 92, '15 см', 0, 0, '2026-06-13 12:02:14', '2026-06-13 12:02:14'),
(363, 92, '20 см', 1, 0, '2026-06-13 12:02:14', '2026-06-13 12:02:14'),
(364, 92, '25 см', 0, 0, '2026-06-13 12:02:14', '2026-06-13 12:02:14'),
(365, 92, '30 см', 0, 0, '2026-06-13 12:02:14', '2026-06-13 12:02:14'),
(366, 93, '20 см²', 0, 0, '2026-06-13 12:02:14', '2026-06-13 12:02:14'),
(367, 93, '24 см²', 1, 0, '2026-06-13 12:02:14', '2026-06-13 12:02:14'),
(368, 93, '28 см²', 0, 0, '2026-06-13 12:02:14', '2026-06-13 12:02:14'),
(369, 93, '32 см²', 0, 0, '2026-06-13 12:02:14', '2026-06-13 12:02:14'),
(370, 94, '20 см', 1, 0, '2026-06-13 12:02:14', '2026-06-13 12:02:14'),
(371, 94, '21 см', 0, 0, '2026-06-13 12:02:14', '2026-06-13 12:02:14'),
(372, 94, '22 см', 0, 0, '2026-06-13 12:02:14', '2026-06-13 12:02:14'),
(373, 94, '24 см', 0, 0, '2026-06-13 12:02:14', '2026-06-13 12:02:14'),
(374, 95, '81 см²', 1, 0, '2026-06-13 12:02:14', '2026-06-13 12:02:14'),
(375, 95, '72 см²', 0, 0, '2026-06-13 12:02:14', '2026-06-13 12:02:14'),
(376, 95, '63 см²', 0, 0, '2026-06-13 12:02:14', '2026-06-13 12:02:14'),
(377, 95, '54 см²', 0, 0, '2026-06-13 12:02:14', '2026-06-13 12:02:14'),
(378, 96, '10', 0, 0, '2026-06-13 12:02:14', '2026-06-13 12:02:14'),
(379, 96, '50', 0, 0, '2026-06-13 12:02:14', '2026-06-13 12:02:14'),
(380, 96, '100', 1, 0, '2026-06-13 12:02:14', '2026-06-13 12:02:14'),
(381, 96, '1000', 0, 0, '2026-06-13 12:02:14', '2026-06-13 12:02:14'),
(382, 97, '1/2', 1, 0, '2026-06-13 12:02:14', '2026-06-13 12:02:14'),
(383, 97, '1/3', 0, 0, '2026-06-13 12:02:14', '2026-06-13 12:02:14'),
(384, 97, 'равны', 0, 0, '2026-06-13 12:02:14', '2026-06-13 12:02:14'),
(385, 98, '2', 0, 0, '2026-06-13 12:02:14', '2026-06-13 12:02:14'),
(386, 98, '5', 1, 0, '2026-06-13 12:02:14', '2026-06-13 12:02:14'),
(387, 98, '10', 0, 0, '2026-06-13 12:02:14', '2026-06-13 12:02:14'),
(388, 98, '20', 0, 0, '2026-06-13 12:02:14', '2026-06-13 12:02:14'),
(389, 99, '1/2', 0, 0, '2026-06-13 12:02:14', '2026-06-13 12:02:14'),
(390, 99, '3/4', 0, 0, '2026-06-13 12:02:14', '2026-06-13 12:02:14'),
(391, 99, '1', 1, 0, '2026-06-13 12:02:14', '2026-06-13 12:02:14'),
(392, 99, '1 1/4', 0, 0, '2026-06-13 12:02:14', '2026-06-13 12:02:14'),
(393, 100, '20', 0, 0, '2026-06-13 12:02:14', '2026-06-13 12:02:14'),
(394, 100, '30', 1, 0, '2026-06-13 12:02:14', '2026-06-13 12:02:14'),
(395, 100, '40', 0, 0, '2026-06-13 12:02:14', '2026-06-13 12:02:14'),
(396, 100, '60', 0, 0, '2026-06-13 12:02:14', '2026-06-13 12:02:14'),
(397, 101, '1/5', 0, 0, '2026-06-13 12:02:14', '2026-06-13 12:02:14'),
(398, 101, '1/4', 1, 0, '2026-06-13 12:02:14', '2026-06-13 12:02:14'),
(399, 101, '1/3', 0, 0, '2026-06-13 12:02:14', '2026-06-13 12:02:14'),
(400, 101, '1/2', 0, 0, '2026-06-13 12:02:14', '2026-06-13 12:02:14'),
(401, 102, '6', 0, 0, '2026-06-13 12:02:14', '2026-06-13 12:02:14'),
(402, 102, '7', 0, 0, '2026-06-13 12:02:14', '2026-06-13 12:02:14'),
(403, 102, '8', 1, 0, '2026-06-13 12:02:14', '2026-06-13 12:02:14'),
(404, 102, '9', 0, 0, '2026-06-13 12:02:14', '2026-06-13 12:02:14'),
(405, 103, '12', 0, 0, '2026-06-13 12:02:14', '2026-06-13 12:02:14'),
(406, 103, '14', 0, 0, '2026-06-13 12:02:14', '2026-06-13 12:02:14'),
(407, 103, '16', 1, 0, '2026-06-13 12:02:14', '2026-06-13 12:02:14'),
(408, 103, '18', 0, 0, '2026-06-13 12:02:14', '2026-06-13 12:02:14'),
(409, 104, '5', 0, 0, '2026-06-13 12:02:14', '2026-06-13 12:02:14'),
(410, 104, '7', 0, 0, '2026-06-13 12:02:14', '2026-06-13 12:02:14'),
(411, 104, '9', 1, 0, '2026-06-13 12:02:14', '2026-06-13 12:02:14'),
(412, 104, '10', 0, 0, '2026-06-13 12:02:14', '2026-06-13 12:02:14'),
(413, 105, '16', 0, 0, '2026-06-13 12:02:14', '2026-06-13 12:02:14'),
(414, 105, '20', 0, 0, '2026-06-13 12:02:14', '2026-06-13 12:02:14'),
(415, 105, '24', 1, 0, '2026-06-13 12:02:14', '2026-06-13 12:02:14'),
(416, 105, '28', 0, 0, '2026-06-13 12:02:14', '2026-06-13 12:02:14'),
(417, 106, '3', 0, 0, '2026-06-13 12:02:14', '2026-06-13 12:02:14'),
(418, 106, '4', 0, 0, '2026-06-13 12:02:14', '2026-06-13 12:02:14'),
(419, 106, '5', 1, 0, '2026-06-13 12:02:14', '2026-06-13 12:02:14'),
(420, 106, '6', 0, 0, '2026-06-13 12:02:14', '2026-06-13 12:02:14'),
(421, 107, '30', 0, 0, '2026-06-13 12:02:14', '2026-06-13 12:02:14'),
(422, 107, '31', 0, 0, '2026-06-13 12:02:14', '2026-06-13 12:02:14'),
(423, 107, '32', 0, 0, '2026-06-13 12:02:14', '2026-06-13 12:02:14'),
(424, 107, '33', 1, 0, '2026-06-13 12:02:14', '2026-06-13 12:02:14'),
(425, 108, 'А', 0, 0, '2026-06-13 12:02:14', '2026-06-13 12:02:14'),
(426, 108, 'О', 0, 0, '2026-06-13 12:02:14', '2026-06-13 12:02:14'),
(427, 108, 'М', 1, 0, '2026-06-13 12:02:14', '2026-06-13 12:02:14'),
(428, 108, 'У', 0, 0, '2026-06-13 12:02:14', '2026-06-13 12:02:14'),
(429, 109, 'Ж', 0, 0, '2026-06-13 12:02:14', '2026-06-13 12:02:14'),
(430, 109, 'Ш', 0, 0, '2026-06-13 12:02:14', '2026-06-13 12:02:14'),
(431, 109, 'Ц', 0, 0, '2026-06-13 12:02:14', '2026-06-13 12:02:14'),
(432, 109, 'Щ', 1, 0, '2026-06-13 12:02:14', '2026-06-13 12:02:14'),
(433, 110, '6', 0, 0, '2026-06-13 12:02:14', '2026-06-13 12:02:14'),
(434, 110, '8', 0, 0, '2026-06-13 12:02:14', '2026-06-13 12:02:14'),
(435, 110, '10', 1, 0, '2026-06-13 12:02:14', '2026-06-13 12:02:14'),
(436, 110, '12', 0, 0, '2026-06-13 12:02:14', '2026-06-13 12:02:14'),
(437, 111, 'Кот', 0, 0, '2026-06-13 12:02:14', '2026-06-13 12:02:14'),
(438, 111, 'Стол', 0, 0, '2026-06-13 12:02:14', '2026-06-13 12:02:14'),
(439, 111, 'Утка', 1, 0, '2026-06-13 12:02:14', '2026-06-13 12:02:14'),
(440, 111, 'Дом', 0, 0, '2026-06-13 12:02:14', '2026-06-13 12:02:14'),
(441, 112, '1', 0, 0, '2026-06-13 12:02:14', '2026-06-13 12:02:14'),
(442, 112, '2', 1, 0, '2026-06-13 12:02:14', '2026-06-13 12:02:14'),
(443, 112, '3', 0, 0, '2026-06-13 12:02:14', '2026-06-13 12:02:14'),
(444, 112, '4', 0, 0, '2026-06-13 12:02:14', '2026-06-13 12:02:14'),
(445, 113, '2', 0, 0, '2026-06-13 12:02:14', '2026-06-13 12:02:14'),
(446, 113, '3', 0, 0, '2026-06-13 12:02:14', '2026-06-13 12:02:14'),
(447, 113, '4', 1, 0, '2026-06-13 12:02:14', '2026-06-13 12:02:14'),
(448, 113, '5', 0, 0, '2026-06-13 12:02:14', '2026-06-13 12:02:14'),
(449, 114, 'Мама', 0, 0, '2026-06-13 12:02:14', '2026-06-13 12:02:14'),
(450, 114, 'Папа', 0, 0, '2026-06-13 12:02:14', '2026-06-13 12:02:14'),
(451, 114, 'Вода', 1, 0, '2026-06-13 12:02:14', '2026-06-13 12:02:14'),
(452, 114, 'Река', 0, 0, '2026-06-13 12:02:14', '2026-06-13 12:02:14'),
(453, 115, 'о-сень', 1, 0, '2026-06-13 12:02:14', '2026-06-13 12:02:14'),
(454, 115, 'ос-ень', 0, 0, '2026-06-13 12:02:14', '2026-06-13 12:02:14'),
(455, 115, 'осе-нь', 0, 0, '2026-06-13 12:02:14', '2026-06-13 12:02:14'),
(456, 115, 'нельзя', 0, 0, '2026-06-13 12:02:14', '2026-06-13 12:02:14'),
(457, 116, '2', 0, 0, '2026-06-13 12:02:14', '2026-06-13 12:02:14'),
(458, 116, '3', 1, 0, '2026-06-13 12:02:14', '2026-06-13 12:02:14'),
(459, 116, '4', 0, 0, '2026-06-13 12:02:14', '2026-06-13 12:02:14'),
(460, 116, '5', 0, 0, '2026-06-13 12:02:14', '2026-06-13 12:02:14'),
(461, 117, 'Бежать', 0, 0, '2026-06-13 12:02:14', '2026-06-13 12:02:14'),
(462, 117, 'Красивый', 0, 0, '2026-06-13 12:02:14', '2026-06-13 12:02:14'),
(463, 117, 'Стол', 1, 0, '2026-06-13 12:02:14', '2026-06-13 12:02:14'),
(464, 117, 'Быстро', 0, 0, '2026-06-13 12:02:14', '2026-06-13 12:02:14'),
(465, 118, 'Книга', 0, 0, '2026-06-13 12:02:14', '2026-06-13 12:02:14'),
(466, 118, 'Играть', 1, 0, '2026-06-13 12:02:14', '2026-06-13 12:02:14'),
(467, 118, 'Солнечный', 0, 0, '2026-06-13 12:02:14', '2026-06-13 12:02:14'),
(468, 118, 'Он', 0, 0, '2026-06-13 12:02:14', '2026-06-13 12:02:14'),
(469, 119, 'Пение', 0, 0, '2026-06-13 12:02:14', '2026-06-13 12:02:14'),
(470, 119, 'Петь', 0, 0, '2026-06-13 12:02:14', '2026-06-13 12:02:14'),
(471, 119, 'Певучий', 1, 0, '2026-06-13 12:02:14', '2026-06-13 12:02:14'),
(472, 119, 'Певец', 0, 0, '2026-06-13 12:02:14', '2026-06-13 12:02:14'),
(473, 120, 'Играет', 0, 0, '2026-06-13 12:02:14', '2026-06-13 12:02:14'),
(474, 120, 'Играл', 1, 0, '2026-06-13 12:02:14', '2026-06-13 12:02:14'),
(475, 120, 'Будет играть', 0, 0, '2026-06-13 12:02:14', '2026-06-13 12:02:14'),
(476, 120, 'Играющий', 0, 0, '2026-06-13 12:02:14', '2026-06-13 12:02:14'),
(477, 121, 'Дом', 0, 0, '2026-06-13 12:02:14', '2026-06-13 12:02:14'),
(478, 121, 'Я', 1, 0, '2026-06-13 12:02:14', '2026-06-13 12:02:14'),
(479, 121, 'Пять', 0, 0, '2026-06-13 12:02:14', '2026-06-13 12:02:14'),
(480, 121, 'Весёлый', 0, 0, '2026-06-13 12:02:14', '2026-06-13 12:02:14'),
(481, 122, 'ы', 0, 0, '2026-06-13 12:02:14', '2026-06-13 12:02:14'),
(482, 122, 'и', 1, 0, '2026-06-13 12:02:14', '2026-06-13 12:02:14'),
(483, 122, 'а', 0, 0, '2026-06-13 12:02:14', '2026-06-13 12:02:14'),
(484, 122, 'я', 0, 0, '2026-06-13 12:02:14', '2026-06-13 12:02:14'),
(485, 123, 'а', 1, 0, '2026-06-13 12:02:14', '2026-06-13 12:02:14'),
(486, 123, 'я', 0, 0, '2026-06-13 12:02:14', '2026-06-13 12:02:14'),
(487, 123, 'у', 0, 0, '2026-06-13 12:02:14', '2026-06-13 12:02:14'),
(488, 123, 'ю', 0, 0, '2026-06-13 12:02:14', '2026-06-13 12:02:14'),
(489, 124, 'у', 1, 0, '2026-06-13 12:02:14', '2026-06-13 12:02:14'),
(490, 124, 'ю', 0, 0, '2026-06-13 12:02:14', '2026-06-13 12:02:14'),
(491, 124, 'а', 0, 0, '2026-06-13 12:02:14', '2026-06-13 12:02:14'),
(492, 124, 'я', 0, 0, '2026-06-13 12:02:14', '2026-06-13 12:02:14'),
(493, 125, 'Шына', 0, 0, '2026-06-13 12:02:14', '2026-06-13 12:02:14'),
(494, 125, 'Шина', 1, 0, '2026-06-13 12:02:14', '2026-06-13 12:02:14'),
(495, 125, 'Шина', 0, 0, '2026-06-13 12:02:14', '2026-06-13 12:02:14'),
(496, 126, 'Чашка', 1, 0, '2026-06-13 12:02:14', '2026-06-13 12:02:14'),
(497, 126, 'Чяшка', 0, 0, '2026-06-13 12:02:14', '2026-06-13 12:02:14'),
(498, 126, 'Чяска', 0, 0, '2026-06-13 12:02:14', '2026-06-13 12:02:14'),
(499, 127, 'Им.', 0, 0, '2026-06-13 12:02:14', '2026-06-13 12:02:14'),
(500, 127, 'Род.', 1, 0, '2026-06-13 12:02:14', '2026-06-13 12:02:14'),
(501, 127, 'Дат.', 0, 0, '2026-06-13 12:02:14', '2026-06-13 12:02:14'),
(502, 127, 'Вин.', 0, 0, '2026-06-13 12:02:14', '2026-06-13 12:02:14'),
(503, 128, 'Вин.', 0, 0, '2026-06-13 12:02:14', '2026-06-13 12:02:14'),
(504, 128, 'Тв.', 0, 0, '2026-06-13 12:02:14', '2026-06-13 12:02:14'),
(505, 128, 'Пр.', 1, 0, '2026-06-13 12:02:14', '2026-06-13 12:02:14'),
(506, 128, 'Дат.', 0, 0, '2026-06-13 12:02:14', '2026-06-13 12:02:14'),
(507, 129, 'Род.', 1, 0, '2026-06-13 12:02:14', '2026-06-13 12:02:14'),
(508, 129, 'Дат.', 0, 0, '2026-06-13 12:02:14', '2026-06-13 12:02:14'),
(509, 129, 'Вин.', 0, 0, '2026-06-13 12:02:14', '2026-06-13 12:02:14'),
(510, 129, 'Тв.', 0, 0, '2026-06-13 12:02:14', '2026-06-13 12:02:14'),
(511, 130, 'Им.', 0, 0, '2026-06-13 12:02:14', '2026-06-13 12:02:14'),
(512, 130, 'Род.', 0, 0, '2026-06-13 12:02:14', '2026-06-13 12:02:14'),
(513, 130, 'Дат.', 0, 0, '2026-06-13 12:02:14', '2026-06-13 12:02:14'),
(514, 130, 'Вин.', 1, 0, '2026-06-13 12:02:14', '2026-06-13 12:02:14'),
(515, 131, 'Тв.', 1, 0, '2026-06-13 12:02:14', '2026-06-13 12:02:14'),
(516, 131, 'Пр.', 0, 0, '2026-06-13 12:02:14', '2026-06-13 12:02:14'),
(517, 131, 'Дат.', 0, 0, '2026-06-13 12:02:14', '2026-06-13 12:02:14'),
(518, 131, 'Вин.', 0, 0, '2026-06-13 12:02:14', '2026-06-13 12:02:14'),
(519, 132, 'Мужской', 0, 0, '2026-06-13 12:02:14', '2026-06-13 12:02:14'),
(520, 132, 'Женский', 0, 0, '2026-06-13 12:02:14', '2026-06-13 12:02:14'),
(521, 132, 'Средний', 1, 0, '2026-06-13 12:02:14', '2026-06-13 12:02:14'),
(522, 133, 'Мужской', 0, 0, '2026-06-13 12:02:14', '2026-06-13 12:02:14'),
(523, 133, 'Женский', 1, 0, '2026-06-13 12:02:14', '2026-06-13 12:02:14'),
(524, 133, 'Средний', 0, 0, '2026-06-13 12:02:14', '2026-06-13 12:02:14'),
(525, 134, 'Мужской', 1, 0, '2026-06-13 12:02:14', '2026-06-13 12:02:14'),
(526, 134, 'Женский', 0, 0, '2026-06-13 12:02:14', '2026-06-13 12:02:14'),
(527, 134, 'Средний', 0, 0, '2026-06-13 12:02:14', '2026-06-13 12:02:14'),
(528, 135, 'Мужской', 0, 0, '2026-06-13 12:02:14', '2026-06-13 12:02:14'),
(529, 135, 'Женский', 1, 0, '2026-06-13 12:02:14', '2026-06-13 12:02:14'),
(530, 135, 'Средний', 0, 0, '2026-06-13 12:02:14', '2026-06-13 12:02:14'),
(531, 136, 'Мужской', 0, 0, '2026-06-13 12:02:14', '2026-06-13 12:02:14'),
(532, 136, 'Женский', 0, 0, '2026-06-13 12:02:14', '2026-06-13 12:02:14'),
(533, 136, 'Средний', 1, 0, '2026-06-13 12:02:14', '2026-06-13 12:02:14'),
(534, 137, '1', 0, 0, '2026-06-13 12:02:14', '2026-06-13 12:02:14'),
(535, 137, '2', 1, 0, '2026-06-13 12:02:14', '2026-06-13 12:02:14'),
(536, 137, '3', 0, 0, '2026-06-13 12:02:14', '2026-06-13 12:02:14'),
(537, 137, '4', 0, 0, '2026-06-13 12:02:14', '2026-06-13 12:02:14'),
(538, 138, 'I', 1, 0, '2026-06-13 12:02:14', '2026-06-13 12:02:14'),
(539, 138, 'II', 0, 0, '2026-06-13 12:02:14', '2026-06-13 12:02:14'),
(540, 138, 'разноспрягаемый', 0, 0, '2026-06-13 12:02:14', '2026-06-13 12:02:14'),
(541, 139, 'I', 0, 0, '2026-06-13 12:02:14', '2026-06-13 12:02:14'),
(542, 139, 'II', 1, 0, '2026-06-13 12:02:14', '2026-06-13 12:02:14'),
(543, 140, 'I', 0, 0, '2026-06-13 12:02:14', '2026-06-13 12:02:14'),
(544, 140, 'II', 1, 0, '2026-06-13 12:02:14', '2026-06-13 12:02:14'),
(545, 141, 'I', 0, 0, '2026-06-13 12:02:14', '2026-06-13 12:02:14'),
(546, 141, 'II', 1, 0, '2026-06-13 12:02:14', '2026-06-13 12:02:14'),
(547, 142, 'Маша ела суп.', 0, 0, '2026-06-13 12:02:14', '2026-06-13 12:02:14'),
(548, 142, 'Маша ела суп и салат.', 1, 0, '2026-06-13 12:02:14', '2026-06-13 12:02:14'),
(549, 142, 'Маша ела суп, потому что хотела.', 0, 0, '2026-06-13 12:02:14', '2026-06-13 12:02:14'),
(550, 143, 'Только подлежащие', 0, 0, '2026-06-13 12:02:14', '2026-06-13 12:02:14'),
(551, 143, 'Только сказуемые', 0, 0, '2026-06-13 12:02:14', '2026-06-13 12:02:14'),
(552, 143, 'Любые', 1, 0, '2026-06-13 12:02:14', '2026-06-13 12:02:14'),
(553, 144, 'Точка', 0, 0, '2026-06-13 12:02:14', '2026-06-13 12:02:14'),
(554, 144, 'Запятая', 1, 0, '2026-06-13 12:02:14', '2026-06-13 12:02:14'),
(555, 144, 'Тире', 0, 0, '2026-06-13 12:02:14', '2026-06-13 12:02:14'),
(556, 144, 'Двоеточие', 0, 0, '2026-06-13 12:02:14', '2026-06-13 12:02:14'),
(557, 145, 'но', 0, 0, '2026-06-13 12:02:14', '2026-06-13 12:02:14'),
(558, 145, 'и', 1, 0, '2026-06-13 12:02:14', '2026-06-13 12:02:14'),
(559, 145, 'а', 0, 0, '2026-06-13 12:02:14', '2026-06-13 12:02:14'),
(560, 145, 'или', 0, 0, '2026-06-13 12:02:14', '2026-06-13 12:02:14'),
(561, 146, 'Кот спит.', 0, 0, '2026-06-13 12:02:14', '2026-06-13 12:02:14'),
(562, 146, 'Кот спит и мурлычет.', 1, 0, '2026-06-13 12:02:14', '2026-06-13 12:02:14'),
(563, 146, 'Кот спит на диване.', 0, 0, '2026-06-13 12:02:14', '2026-06-13 12:02:14'),
(564, 147, 'Камень', 0, 0, '2026-06-13 12:02:14', '2026-06-13 12:02:14'),
(565, 147, 'Вода', 0, 0, '2026-06-13 12:02:14', '2026-06-13 12:02:14'),
(566, 147, 'Солнце', 0, 0, '2026-06-13 12:02:14', '2026-06-13 12:02:14'),
(567, 147, 'Дерево', 1, 0, '2026-06-13 12:02:14', '2026-06-13 12:02:14'),
(568, 148, 'Цветок', 0, 0, '2026-06-13 12:02:14', '2026-06-13 12:02:14'),
(569, 148, 'Гриб', 0, 0, '2026-06-13 12:02:14', '2026-06-13 12:02:14'),
(570, 148, 'Облако', 1, 0, '2026-06-13 12:02:14', '2026-06-13 12:02:14'),
(571, 148, 'Птица', 0, 0, '2026-06-13 12:02:14', '2026-06-13 12:02:14'),
(572, 149, 'К живой', 1, 0, '2026-06-13 12:02:14', '2026-06-13 12:02:14'),
(573, 149, 'К неживой', 0, 0, '2026-06-13 12:02:14', '2026-06-13 12:02:14'),
(574, 149, 'Ни к какой', 0, 0, '2026-06-13 12:02:14', '2026-06-13 12:02:14'),
(575, 150, 'Свет, вода', 1, 0, '2026-06-13 12:02:14', '2026-06-13 12:02:14'),
(576, 150, 'Только вода', 0, 0, '2026-06-13 12:02:14', '2026-06-13 12:02:14'),
(577, 150, 'Только свет', 0, 0, '2026-06-13 12:02:14', '2026-06-13 12:02:14'),
(578, 151, 'Вода', 0, 0, '2026-06-13 12:02:14', '2026-06-13 12:02:14'),
(579, 151, 'Растения', 1, 0, '2026-06-13 12:02:14', '2026-06-13 12:02:14'),
(580, 151, 'Животные', 0, 0, '2026-06-13 12:02:14', '2026-06-13 12:02:14'),
(581, 151, 'Почва', 0, 0, '2026-06-13 12:02:14', '2026-06-13 12:02:14'),
(582, 152, 'Зима', 0, 0, '2026-06-13 12:02:14', '2026-06-13 12:02:14'),
(583, 152, 'Лето', 1, 0, '2026-06-13 12:02:14', '2026-06-13 12:02:14'),
(584, 152, 'Осень', 0, 0, '2026-06-13 12:02:14', '2026-06-13 12:02:14'),
(585, 153, 'Лето', 0, 0, '2026-06-13 12:02:14', '2026-06-13 12:02:14'),
(586, 153, 'Осень', 1, 0, '2026-06-13 12:02:14', '2026-06-13 12:02:14'),
(587, 153, 'Весна', 0, 0, '2026-06-13 12:02:14', '2026-06-13 12:02:14'),
(588, 154, 'Весна', 0, 0, '2026-06-13 12:02:14', '2026-06-13 12:02:14'),
(589, 154, 'Лето', 0, 0, '2026-06-13 12:02:14', '2026-06-13 12:02:14'),
(590, 154, 'Осень', 0, 0, '2026-06-13 12:02:14', '2026-06-13 12:02:14'),
(591, 154, 'Зима', 1, 0, '2026-06-13 12:02:14', '2026-06-13 12:02:14'),
(592, 155, 'Весной', 0, 0, '2026-06-13 12:02:14', '2026-06-13 12:02:14'),
(593, 155, 'Летом', 0, 0, '2026-06-13 12:02:14', '2026-06-13 12:02:14'),
(594, 155, 'Осенью', 1, 0, '2026-06-13 12:02:14', '2026-06-13 12:02:14'),
(595, 155, 'Зимой', 0, 0, '2026-06-13 12:02:14', '2026-06-13 12:02:14'),
(596, 156, 'Весна', 0, 0, '2026-06-13 12:02:14', '2026-06-13 12:02:14'),
(597, 156, 'Лето', 0, 0, '2026-06-13 12:02:14', '2026-06-13 12:02:14'),
(598, 156, 'Осень', 1, 0, '2026-06-13 12:02:14', '2026-06-13 12:02:14'),
(599, 156, 'Зима', 0, 0, '2026-06-13 12:02:14', '2026-06-13 12:02:14'),
(600, 157, 'Берёза', 0, 0, '2026-06-13 12:02:14', '2026-06-13 12:02:14'),
(601, 157, 'Дуб', 0, 0, '2026-06-13 12:02:14', '2026-06-13 12:02:14'),
(602, 157, 'Сосна', 1, 0, '2026-06-13 12:02:14', '2026-06-13 12:02:14'),
(603, 157, 'Клён', 0, 0, '2026-06-13 12:02:14', '2026-06-13 12:02:14'),
(604, 158, 'Заяц', 0, 0, '2026-06-13 12:02:14', '2026-06-13 12:02:14'),
(605, 158, 'Волк', 0, 0, '2026-06-13 12:02:14', '2026-06-13 12:02:14'),
(606, 158, 'Медведь', 1, 0, '2026-06-13 12:02:14', '2026-06-13 12:02:14'),
(607, 158, 'Лиса', 0, 0, '2026-06-13 12:02:14', '2026-06-13 12:02:14'),
(608, 159, 'Ласточка', 0, 0, '2026-06-13 12:02:14', '2026-06-13 12:02:14'),
(609, 159, 'Снегирь', 1, 0, '2026-06-13 12:02:14', '2026-06-13 12:02:14'),
(610, 159, 'Скворец', 0, 0, '2026-06-13 12:02:14', '2026-06-13 12:02:14'),
(611, 159, 'Кукушка', 0, 0, '2026-06-13 12:02:14', '2026-06-13 12:02:14'),
(612, 160, 'Книга с красной обложкой', 0, 0, '2026-06-13 12:02:14', '2026-06-13 12:02:14'),
(613, 160, 'Книга о редких видах', 1, 0, '2026-06-13 12:02:14', '2026-06-13 12:02:14'),
(614, 160, 'Учебник', 0, 0, '2026-06-13 12:02:14', '2026-06-13 12:02:14'),
(615, 161, 'Собирать грибы', 0, 0, '2026-06-13 12:02:14', '2026-06-13 12:02:14'),
(616, 161, 'Разжигать костёр без присмотра', 1, 0, '2026-06-13 12:02:14', '2026-06-13 12:02:14'),
(617, 161, 'Наблюдать за птицами', 0, 0, '2026-06-13 12:02:14', '2026-06-13 12:02:14'),
(618, 162, 'Твёрдом', 0, 0, '2026-06-13 12:02:14', '2026-06-13 12:02:14'),
(619, 162, 'Жидком', 1, 0, '2026-06-13 12:02:14', '2026-06-13 12:02:14'),
(620, 162, 'Газообразном', 0, 0, '2026-06-13 12:02:14', '2026-06-13 12:02:14'),
(621, 163, 'Испарение', 1, 0, '2026-06-13 12:02:14', '2026-06-13 12:02:14'),
(622, 163, 'Замерзание', 0, 0, '2026-06-13 12:02:14', '2026-06-13 12:02:14'),
(623, 163, 'Таяние', 0, 0, '2026-06-13 12:02:14', '2026-06-13 12:02:14'),
(624, 164, 'Сжимается', 0, 0, '2026-06-13 12:02:14', '2026-06-13 12:02:14'),
(625, 164, 'Расширяется', 1, 0, '2026-06-13 12:02:14', '2026-06-13 12:02:14'),
(626, 164, 'Не меняется', 0, 0, '2026-06-13 12:02:14', '2026-06-13 12:02:14'),
(627, 165, '0°C', 1, 0, '2026-06-13 12:02:14', '2026-06-13 12:02:14'),
(628, 165, '+10°C', 0, 0, '2026-06-13 12:02:14', '2026-06-13 12:02:14'),
(629, 165, '-10°C', 0, 0, '2026-06-13 12:02:14', '2026-06-13 12:02:14'),
(630, 166, 'Да', 1, 0, '2026-06-13 12:02:14', '2026-06-13 12:02:14'),
(631, 166, 'Нет', 0, 0, '2026-06-13 12:02:14', '2026-06-13 12:02:14'),
(632, 167, 'Лёгкие', 0, 0, '2026-06-13 12:02:14', '2026-06-13 12:02:14'),
(633, 167, 'Сердце', 1, 0, '2026-06-13 12:02:14', '2026-06-13 12:02:14'),
(634, 167, 'Печень', 0, 0, '2026-06-13 12:02:14', '2026-06-13 12:02:14'),
(635, 168, 'Для дыхания', 1, 0, '2026-06-13 12:02:14', '2026-06-13 12:02:14'),
(636, 168, 'Для пищеварения', 0, 0, '2026-06-13 12:02:14', '2026-06-13 12:02:14'),
(637, 168, 'Для движения', 0, 0, '2026-06-13 12:02:14', '2026-06-13 12:02:14'),
(638, 169, 'Череп', 1, 0, '2026-06-13 12:02:14', '2026-06-13 12:02:14'),
(639, 169, 'Позвоночник', 0, 0, '2026-06-13 12:02:14', '2026-06-13 12:02:14'),
(640, 169, 'Ребра', 0, 0, '2026-06-13 12:02:14', '2026-06-13 12:02:14'),
(641, 170, '28', 0, 0, '2026-06-13 12:02:14', '2026-06-13 12:02:14'),
(642, 170, '30', 0, 0, '2026-06-13 12:02:14', '2026-06-13 12:02:14'),
(643, 170, '32', 1, 0, '2026-06-13 12:02:14', '2026-06-13 12:02:14'),
(644, 171, 'Сидеть весь день', 0, 0, '2026-06-13 12:02:14', '2026-06-13 12:02:14'),
(645, 171, 'Двигаться, заниматься спортом', 1, 0, '2026-06-13 12:02:14', '2026-06-13 12:02:14'),
(646, 171, 'Смотреть телевизор', 0, 0, '2026-06-13 12:02:14', '2026-06-13 12:02:14'),
(647, 172, 'Модель Земли', 1, 0, '2026-06-13 12:02:14', '2026-06-13 12:02:14'),
(648, 172, 'Карта мира', 0, 0, '2026-06-13 12:02:14', '2026-06-13 12:02:14'),
(649, 172, 'Телескоп', 0, 0, '2026-06-13 12:02:14', '2026-06-13 12:02:14'),
(650, 173, '5', 0, 0, '2026-06-13 12:02:14', '2026-06-13 12:02:14'),
(651, 173, '6', 1, 0, '2026-06-13 12:02:14', '2026-06-13 12:02:14'),
(652, 173, '7', 0, 0, '2026-06-13 12:02:14', '2026-06-13 12:02:14'),
(653, 174, 'Евразия', 0, 0, '2026-06-13 12:02:14', '2026-06-13 12:02:14'),
(654, 174, 'Африка', 1, 0, '2026-06-13 12:02:14', '2026-06-13 12:02:14'),
(655, 174, 'Австралия', 0, 0, '2026-06-13 12:02:14', '2026-06-13 12:02:14'),
(656, 175, 'Смена дня и ночи', 0, 0, '2026-06-13 12:02:14', '2026-06-13 12:02:14'),
(657, 175, 'Смена времён года', 1, 0, '2026-06-13 12:02:14', '2026-06-13 12:02:14'),
(658, 175, 'Приливы', 0, 0, '2026-06-13 12:02:14', '2026-06-13 12:02:14'),
(659, 176, 'Полярная', 0, 0, '2026-06-13 12:02:14', '2026-06-13 12:02:14'),
(660, 176, 'Солнце', 1, 0, '2026-06-13 12:02:14', '2026-06-13 12:02:14'),
(661, 176, 'Сириус', 0, 0, '2026-06-13 12:02:14', '2026-06-13 12:02:14'),
(662, 177, 'Юрий Долгорукий', 1, 0, '2026-06-13 12:02:14', '2026-06-13 12:02:14'),
(663, 177, 'Александр Невский', 0, 0, '2026-06-13 12:02:14', '2026-06-13 12:02:14'),
(664, 177, 'Дмитрий Донской', 0, 0, '2026-06-13 12:02:14', '2026-06-13 12:02:14'),
(665, 178, '1939', 0, 0, '2026-06-13 12:02:14', '2026-06-13 12:02:14'),
(666, 178, '1941', 1, 0, '2026-06-13 12:02:14', '2026-06-13 12:02:14'),
(667, 178, '1945', 0, 0, '2026-06-13 12:02:14', '2026-06-13 12:02:14'),
(668, 179, 'Гагарин', 1, 0, '2026-06-13 12:02:14', '2026-06-13 12:02:14'),
(669, 179, 'Титов', 0, 0, '2026-06-13 12:02:14', '2026-06-13 12:02:14'),
(670, 179, 'Леонов', 0, 0, '2026-06-13 12:02:14', '2026-06-13 12:02:14'),
(671, 180, 'Москва', 0, 0, '2026-06-13 12:02:14', '2026-06-13 12:02:14'),
(672, 180, 'Киев', 0, 0, '2026-06-13 12:02:14', '2026-06-13 12:02:14'),
(673, 180, 'Санкт-Петербург', 1, 0, '2026-06-13 12:02:14', '2026-06-13 12:02:14'),
(674, 181, 'Медведь', 0, 0, '2026-06-13 12:02:14', '2026-06-13 12:02:14'),
(675, 181, 'Берёза', 0, 0, '2026-06-13 12:02:14', '2026-06-13 12:02:14'),
(676, 181, 'Двуглавый орёл', 1, 0, '2026-06-13 12:02:14', '2026-06-13 12:02:14'),
(677, 182, 'Территория, где охраняют природу', 1, 0, '2026-06-13 12:02:14', '2026-06-13 12:02:14'),
(678, 182, 'Место для отдыха', 0, 0, '2026-06-13 12:02:14', '2026-06-13 12:02:14'),
(679, 182, 'Зоопарк', 0, 0, '2026-06-13 12:02:14', '2026-06-13 12:02:14'),
(680, 183, 'Амурский тигр', 1, 0, '2026-06-13 12:02:14', '2026-06-13 12:02:14'),
(681, 183, 'Волк', 0, 0, '2026-06-13 12:02:14', '2026-06-13 12:02:14'),
(682, 183, 'Лиса', 0, 0, '2026-06-13 12:02:14', '2026-06-13 12:02:14'),
(683, 184, 'Стекло', 0, 0, '2026-06-13 12:02:14', '2026-06-13 12:02:14'),
(684, 184, 'Пластик', 0, 0, '2026-06-13 12:02:14', '2026-06-13 12:02:14'),
(685, 184, 'Всё перечисленное', 1, 0, '2026-06-13 12:02:14', '2026-06-13 12:02:14'),
(686, 185, 'Гибнут растения и животные', 0, 0, '2026-06-13 12:02:14', '2026-06-13 12:02:14'),
(687, 185, 'Загрязняется воздух', 0, 0, '2026-06-13 12:02:14', '2026-06-13 12:02:14'),
(688, 185, 'Оба варианта', 1, 0, '2026-06-13 12:02:14', '2026-06-13 12:02:14'),
(689, 186, 'Атомная', 0, 0, '2026-06-13 12:02:14', '2026-06-13 12:02:14'),
(690, 186, 'Солнечная', 1, 0, '2026-06-13 12:02:14', '2026-06-13 12:02:14'),
(691, 186, 'Угольная', 0, 0, '2026-06-13 12:02:14', '2026-06-13 12:02:14');

-- --------------------------------------------------------

--
-- Структура таблицы `cache`
--

DROP TABLE IF EXISTS `cache`;
CREATE TABLE IF NOT EXISTS `cache` (
  `key` varchar(191) CHARACTER SET utf8mb4 COLLATE utf8mb4_unicode_ci NOT NULL,
  `value` mediumtext CHARACTER SET utf8mb4 COLLATE utf8mb4_unicode_ci NOT NULL,
  `expiration` int NOT NULL,
  PRIMARY KEY (`key`),
  KEY `cache_expiration_index` (`expiration`)
) ENGINE=MyISAM DEFAULT CHARSET=utf8mb4 COLLATE=utf8mb4_unicode_ci;

-- --------------------------------------------------------

--
-- Структура таблицы `cache_locks`
--

DROP TABLE IF EXISTS `cache_locks`;
CREATE TABLE IF NOT EXISTS `cache_locks` (
  `key` varchar(191) CHARACTER SET utf8mb4 COLLATE utf8mb4_unicode_ci NOT NULL,
  `owner` varchar(191) CHARACTER SET utf8mb4 COLLATE utf8mb4_unicode_ci NOT NULL,
  `expiration` int NOT NULL,
  PRIMARY KEY (`key`),
  KEY `cache_locks_expiration_index` (`expiration`)
) ENGINE=MyISAM DEFAULT CHARSET=utf8mb4 COLLATE=utf8mb4_unicode_ci;

-- --------------------------------------------------------

--
-- Структура таблицы `difficulty_levels`
--

DROP TABLE IF EXISTS `difficulty_levels`;
CREATE TABLE IF NOT EXISTS `difficulty_levels` (
  `id` bigint UNSIGNED NOT NULL AUTO_INCREMENT,
  `name` varchar(50) CHARACTER SET utf8mb4 COLLATE utf8mb4_unicode_ci NOT NULL,
  `code` varchar(100) COLLATE utf8mb4_unicode_ci NOT NULL,
  `color` varchar(20) CHARACTER SET utf8mb4 COLLATE utf8mb4_unicode_ci NOT NULL,
  `min_points` int NOT NULL DEFAULT '0',
  `created_at` timestamp NOT NULL DEFAULT CURRENT_TIMESTAMP,
  PRIMARY KEY (`id`),
  UNIQUE KEY `difficulty_levels_code_unique` (`code`)
) ENGINE=MyISAM AUTO_INCREMENT=5 DEFAULT CHARSET=utf8mb4 COLLATE=utf8mb4_unicode_ci;

--
-- Дамп данных таблицы `difficulty_levels`
--

INSERT INTO `difficulty_levels` (`id`, `name`, `code`, `color`, `min_points`, `created_at`) VALUES
(1, '1 класс', 'class_1', '', 0, '2026-06-11 21:13:11'),
(2, '2 класс', 'class_2', '', 100, '2026-06-11 21:13:11'),
(3, '3 класс', 'class_3', '', 250, '2026-06-11 21:13:11'),
(4, '4 класс', 'class_4', '', 500, '2026-06-11 21:13:11');

-- --------------------------------------------------------

--
-- Структура таблицы `failed_jobs`
--

DROP TABLE IF EXISTS `failed_jobs`;
CREATE TABLE IF NOT EXISTS `failed_jobs` (
  `id` bigint UNSIGNED NOT NULL AUTO_INCREMENT,
  `uuid` varchar(191) CHARACTER SET utf8mb4 COLLATE utf8mb4_unicode_ci NOT NULL,
  `connection` text CHARACTER SET utf8mb4 COLLATE utf8mb4_unicode_ci NOT NULL,
  `queue` text CHARACTER SET utf8mb4 COLLATE utf8mb4_unicode_ci NOT NULL,
  `payload` longtext CHARACTER SET utf8mb4 COLLATE utf8mb4_unicode_ci NOT NULL,
  `exception` longtext CHARACTER SET utf8mb4 COLLATE utf8mb4_unicode_ci NOT NULL,
  `failed_at` timestamp NOT NULL DEFAULT CURRENT_TIMESTAMP,
  PRIMARY KEY (`id`),
  UNIQUE KEY `failed_jobs_uuid_unique` (`uuid`)
) ENGINE=MyISAM DEFAULT CHARSET=utf8mb4 COLLATE=utf8mb4_unicode_ci;

-- --------------------------------------------------------

--
-- Структура таблицы `jobs`
--

DROP TABLE IF EXISTS `jobs`;
CREATE TABLE IF NOT EXISTS `jobs` (
  `id` bigint UNSIGNED NOT NULL AUTO_INCREMENT,
  `queue` varchar(191) CHARACTER SET utf8mb4 COLLATE utf8mb4_unicode_ci NOT NULL,
  `payload` longtext CHARACTER SET utf8mb4 COLLATE utf8mb4_unicode_ci NOT NULL,
  `attempts` tinyint UNSIGNED NOT NULL,
  `reserved_at` int UNSIGNED DEFAULT NULL,
  `available_at` int UNSIGNED NOT NULL,
  `created_at` int UNSIGNED NOT NULL,
  PRIMARY KEY (`id`),
  KEY `jobs_queue_index` (`queue`)
) ENGINE=MyISAM DEFAULT CHARSET=utf8mb4 COLLATE=utf8mb4_unicode_ci;

-- --------------------------------------------------------

--
-- Структура таблицы `job_batches`
--

DROP TABLE IF EXISTS `job_batches`;
CREATE TABLE IF NOT EXISTS `job_batches` (
  `id` varchar(191) CHARACTER SET utf8mb4 COLLATE utf8mb4_unicode_ci NOT NULL,
  `name` varchar(191) CHARACTER SET utf8mb4 COLLATE utf8mb4_unicode_ci NOT NULL,
  `total_jobs` int NOT NULL,
  `pending_jobs` int NOT NULL,
  `failed_jobs` int NOT NULL,
  `failed_job_ids` longtext CHARACTER SET utf8mb4 COLLATE utf8mb4_unicode_ci NOT NULL,
  `options` mediumtext CHARACTER SET utf8mb4 COLLATE utf8mb4_unicode_ci,
  `cancelled_at` int DEFAULT NULL,
  `created_at` int NOT NULL,
  `finished_at` int DEFAULT NULL,
  PRIMARY KEY (`id`)
) ENGINE=MyISAM DEFAULT CHARSET=utf8mb4 COLLATE=utf8mb4_unicode_ci;

-- --------------------------------------------------------

--
-- Структура таблицы `migrations`
--

DROP TABLE IF EXISTS `migrations`;
CREATE TABLE IF NOT EXISTS `migrations` (
  `id` int UNSIGNED NOT NULL AUTO_INCREMENT,
  `migration` varchar(191) CHARACTER SET utf8mb4 COLLATE utf8mb4_unicode_ci NOT NULL,
  `batch` int NOT NULL,
  PRIMARY KEY (`id`)
) ENGINE=MyISAM AUTO_INCREMENT=20 DEFAULT CHARSET=utf8mb4 COLLATE=utf8mb4_unicode_ci;

--
-- Дамп данных таблицы `migrations`
--

INSERT INTO `migrations` (`id`, `migration`, `batch`) VALUES
(1, '0001_01_01_000000_create_users_table', 1),
(2, '0001_01_01_000001_create_cache_table', 1),
(3, '0001_01_01_000002_create_jobs_table', 1),
(4, '2026_05_10_181234_create_subjects_table', 1),
(5, '2026_05_10_181245_create_difficulty_levels_table', 1),
(6, '2026_05_10_181253_create_tests_table', 1),
(7, '2026_05_10_181304_create_questions_table', 1),
(8, '2026_05_10_181314_create_answers_table', 1),
(9, '2026_05_10_181322_create_test_results_table', 1),
(10, '2026_05_10_181334_create_shop_items_table', 1),
(11, '2026_05_10_181343_create_purchases_table', 1),
(12, '2026_05_10_181349_create_achievements_table', 1),
(13, '2026_05_10_182631_create_user_achievements_table', 1),
(14, '2026_06_11_192524_add_can_change_theme_to_users_table', 2),
(15, '2026_06_11_194114_add_avatar_and_frame_fields_to_users_table', 3),
(16, '2026_06_11_201852_update_frame_class_default_to_gold_frame', 4),
(17, '2026_06_11_213242_create_theory_table', 5),
(18, '2026_06_13_181543_add_theory_to_tests_table', 6),
(19, '2026_06_13_182117_drop_theory_table', 7);

-- --------------------------------------------------------

--
-- Структура таблицы `purchases`
--

DROP TABLE IF EXISTS `purchases`;
CREATE TABLE IF NOT EXISTS `purchases` (
  `id` bigint UNSIGNED NOT NULL AUTO_INCREMENT,
  `user_id` bigint UNSIGNED NOT NULL,
  `item_id` bigint UNSIGNED NOT NULL,
  `purchased_at` timestamp NOT NULL DEFAULT CURRENT_TIMESTAMP,
  PRIMARY KEY (`id`),
  UNIQUE KEY `purchases_user_id_item_id_unique` (`user_id`,`item_id`),
  KEY `purchases_item_id_foreign` (`item_id`)
) ENGINE=MyISAM AUTO_INCREMENT=9 DEFAULT CHARSET=utf8mb4 COLLATE=utf8mb4_unicode_ci;

--
-- Дамп данных таблицы `purchases`
--

INSERT INTO `purchases` (`id`, `user_id`, `item_id`, `purchased_at`) VALUES
(1, 1, 1, '2026-05-10 21:03:03'),
(2, 1, 2, '2026-05-10 22:03:56'),
(3, 3, 1, '2026-05-10 22:39:39'),
(4, 3, 3, '2026-05-10 22:43:50'),
(5, 3, 2, '2026-05-10 22:43:54'),
(6, 4, 2, '2026-06-11 19:05:29'),
(7, 4, 3, '2026-06-11 19:31:42'),
(8, 4, 1, '2026-06-11 19:39:02');

-- --------------------------------------------------------

--
-- Структура таблицы `questions`
--

DROP TABLE IF EXISTS `questions`;
CREATE TABLE IF NOT EXISTS `questions` (
  `id` bigint UNSIGNED NOT NULL AUTO_INCREMENT,
  `test_id` bigint UNSIGNED NOT NULL,
  `question_text` text CHARACTER SET utf8mb4 COLLATE utf8mb4_unicode_ci NOT NULL,
  `question_type` enum('single_choice','multiple_choice','text_input','matching') CHARACTER SET utf8mb4 COLLATE utf8mb4_unicode_ci NOT NULL,
  `points` int NOT NULL DEFAULT '1',
  `order_index` int NOT NULL DEFAULT '0',
  `created_at` timestamp NULL DEFAULT NULL,
  `updated_at` timestamp NULL DEFAULT NULL,
  PRIMARY KEY (`id`),
  KEY `questions_test_id_foreign` (`test_id`)
) ENGINE=MyISAM AUTO_INCREMENT=187 DEFAULT CHARSET=utf8mb4 COLLATE=utf8mb4_unicode_ci;

--
-- Дамп данных таблицы `questions`
--

INSERT INTO `questions` (`id`, `test_id`, `question_text`, `question_type`, `points`, `order_index`, `created_at`, `updated_at`) VALUES
(1, 1, 'Сколько будет 5 + 3?', 'single_choice', 1, 0, '2026-05-10 13:27:37', '2026-05-10 13:27:37'),
(2, 1, 'Какое число больше: 12 или 9?', 'single_choice', 1, 0, '2026-05-10 13:27:37', '2026-05-10 13:27:37'),
(3, 1, '10 - 4 = ?', 'single_choice', 1, 0, '2026-05-10 13:27:37', '2026-05-10 13:27:37'),
(4, 1, '4+4+4=', 'single_choice', 10, 0, '2026-05-10 15:20:28', '2026-05-10 15:20:28'),
(5, 2, 'Сколько будет 2 + 3?', 'single_choice', 1, 0, '2026-06-11 14:19:16', '2026-06-11 14:19:16'),
(6, 2, 'Какое число больше: 7 или 9?', 'single_choice', 1, 0, '2026-06-11 14:19:16', '2026-06-11 14:19:16'),
(7, 2, 'Сколько углов у квадрата?', 'single_choice', 1, 0, '2026-06-11 14:19:16', '2026-06-11 14:19:16'),
(8, 2, 'Какое число пропущено: 1, 2, _, 4?', 'single_choice', 1, 0, '2026-06-11 14:19:16', '2026-06-11 14:19:16'),
(9, 2, 'Сколько будет 10 – 4?', 'single_choice', 1, 0, '2026-06-11 14:19:16', '2026-06-11 14:19:16'),
(10, 3, 'Сколько будет 25 + 17?', 'single_choice', 1, 0, '2026-06-11 14:19:16', '2026-06-11 14:19:16'),
(11, 3, 'Какое число получится, если 8 умножить на 3?', 'single_choice', 1, 0, '2026-06-11 14:19:16', '2026-06-11 14:19:16'),
(12, 3, 'У Маши было 15 яблок, она отдала 7. Сколько осталось?', 'single_choice', 1, 0, '2026-06-11 14:19:16', '2026-06-11 14:19:16'),
(13, 3, 'Сколько сантиметров в 1 дециметре?', 'single_choice', 1, 0, '2026-06-11 14:19:16', '2026-06-11 14:19:16'),
(14, 3, 'Найди чётное число: 11, 13, 14, 17', 'single_choice', 1, 0, '2026-06-11 14:19:16', '2026-06-11 14:19:16'),
(15, 4, 'Сколько будет 48 : 6?', 'single_choice', 1, 0, '2026-06-11 14:19:16', '2026-06-11 14:19:16'),
(16, 4, 'Периметр квадрата со стороной 5 см равен:', 'single_choice', 1, 0, '2026-06-11 14:19:16', '2026-06-11 14:19:16'),
(17, 4, 'Какое число больше 1/2?', 'single_choice', 1, 0, '2026-06-11 14:19:16', '2026-06-11 14:19:16'),
(18, 4, 'Сколько минут в трёх часах?', 'single_choice', 1, 0, '2026-06-11 14:19:16', '2026-06-11 14:19:16'),
(19, 4, 'Вычисли: 56 + 34 – 18', 'single_choice', 1, 0, '2026-06-11 14:19:16', '2026-06-11 14:19:16'),
(20, 5, 'Сколько будет 125 × 8?', 'single_choice', 1, 0, '2026-06-11 14:19:16', '2026-06-11 14:19:16'),
(21, 5, 'Площадь прямоугольника 6 см на 4 см равна:', 'single_choice', 1, 0, '2026-06-11 14:19:16', '2026-06-11 14:19:16'),
(22, 5, 'Какое число является делителем 36?', 'single_choice', 1, 0, '2026-06-11 14:19:16', '2026-06-11 14:19:16'),
(23, 5, 'Сколько килограммов в 3 тоннах?', 'single_choice', 1, 0, '2026-06-11 14:19:16', '2026-06-11 14:19:16'),
(24, 5, 'Решите уравнение: x + 27 = 54', 'single_choice', 1, 0, '2026-06-11 14:19:16', '2026-06-11 14:19:16'),
(25, 6, 'Какая буква лишняя? (гласная/согласная)', 'single_choice', 1, 0, '2026-06-11 14:19:16', '2026-06-11 14:19:16'),
(26, 6, 'Сколько слогов в слове \"мама\"?', 'single_choice', 1, 0, '2026-06-11 14:19:16', '2026-06-11 14:19:16'),
(27, 6, 'Какое слово начинается с гласного звука?', 'single_choice', 1, 0, '2026-06-11 14:19:16', '2026-06-11 14:19:16'),
(28, 6, 'Как правильно: \"У меня (?) книга\"?', 'single_choice', 1, 0, '2026-06-11 14:19:16', '2026-06-11 14:19:16'),
(29, 6, 'Какое слово пишется с заглавной буквы?', 'single_choice', 1, 0, '2026-06-11 14:19:16', '2026-06-11 14:19:16'),
(30, 7, 'В каком слове все согласные твёрдые?', 'single_choice', 1, 0, '2026-06-11 14:19:16', '2026-06-11 14:19:16'),
(31, 7, 'Какое проверочное слово для слова \"снег\"?', 'single_choice', 1, 0, '2026-06-11 14:19:16', '2026-06-11 14:19:16'),
(32, 7, 'Как перенести слово \"осень\"?', 'single_choice', 1, 0, '2026-06-11 14:19:16', '2026-06-11 14:19:16'),
(33, 7, 'Вставь букву: \"ч_сы\"', 'single_choice', 1, 0, '2026-06-11 14:19:16', '2026-06-11 14:19:16'),
(34, 7, 'Какое слово является именем существительным?', 'single_choice', 1, 0, '2026-06-11 14:19:16', '2026-06-11 14:19:16'),
(35, 8, 'Укажи слово с приставкой \"под-\"', 'single_choice', 1, 0, '2026-06-11 14:19:16', '2026-06-11 14:19:16'),
(36, 8, 'В каком падеже слово \"книга\" в предложении: \"Я читаю книгу\"?', 'single_choice', 1, 0, '2026-06-11 14:19:16', '2026-06-11 14:19:16'),
(37, 8, 'Найди глагол в прошедшем времени:', 'single_choice', 1, 0, '2026-06-11 14:19:16', '2026-06-11 14:19:16'),
(38, 8, 'Как пишется \"не\" с глаголом?', 'single_choice', 1, 0, '2026-06-11 14:19:16', '2026-06-11 14:19:16'),
(39, 8, 'В каком слове пишется Ь?', 'single_choice', 1, 0, '2026-06-11 14:19:16', '2026-06-11 14:19:16'),
(40, 9, 'Сколько спряжений у глаголов?', 'single_choice', 1, 0, '2026-06-11 14:19:16', '2026-06-11 14:19:16'),
(41, 9, 'Найди слово с чередующейся гласной в корне:', 'single_choice', 1, 0, '2026-06-11 14:19:16', '2026-06-11 14:19:16'),
(42, 9, 'В каком слове на конце после шипящей пишется Ь?', 'single_choice', 1, 0, '2026-06-11 14:19:16', '2026-06-11 14:19:16'),
(43, 9, 'Какое слово является местоимением?', 'single_choice', 1, 0, '2026-06-11 14:19:16', '2026-06-11 14:19:16'),
(44, 9, 'Выбери предложение с прямой речью:', 'single_choice', 1, 0, '2026-06-11 14:19:16', '2026-06-11 14:19:16'),
(45, 10, 'Какое животное – домашнее?', 'single_choice', 1, 0, '2026-06-11 14:19:16', '2026-06-11 14:19:16'),
(46, 10, 'Какого цвета листья летом?', 'single_choice', 1, 0, '2026-06-11 14:19:16', '2026-06-11 14:19:16'),
(47, 10, 'Что растёт на грядке?', 'single_choice', 1, 0, '2026-06-11 14:19:16', '2026-06-11 14:19:16'),
(48, 10, 'Кто из этих животных зимой впадает в спячку?', 'single_choice', 1, 0, '2026-06-11 14:19:16', '2026-06-11 14:19:16'),
(49, 10, 'Как называется наша планета?', 'single_choice', 1, 0, '2026-06-11 14:19:16', '2026-06-11 14:19:16'),
(50, 11, 'Какое дерево – хвойное?', 'single_choice', 1, 0, '2026-06-11 14:19:16', '2026-06-11 14:19:16'),
(51, 11, 'Что такое \"глобус\"?', 'single_choice', 1, 0, '2026-06-11 14:19:16', '2026-06-11 14:19:16'),
(52, 11, 'Какое растение является лекарственным?', 'single_choice', 1, 0, '2026-06-11 14:19:16', '2026-06-11 14:19:16'),
(53, 11, 'Какой газ необходим для дыхания?', 'single_choice', 1, 0, '2026-06-11 14:19:16', '2026-06-11 14:19:16'),
(54, 11, 'Какое животное занесено в Красную книгу?', 'single_choice', 1, 0, '2026-06-11 14:19:16', '2026-06-11 14:19:16'),
(55, 12, 'Какие бывают экосистемы?', 'single_choice', 1, 0, '2026-06-11 14:19:16', '2026-06-11 14:19:16'),
(56, 12, 'Что такое \"цепь питания\"?', 'single_choice', 1, 0, '2026-06-11 14:19:16', '2026-06-11 14:19:16'),
(57, 12, 'Какой материк самый жаркий?', 'single_choice', 1, 0, '2026-06-11 14:19:16', '2026-06-11 14:19:16'),
(58, 12, 'Что нельзя делать в лесу?', 'single_choice', 1, 0, '2026-06-11 14:19:16', '2026-06-11 14:19:16'),
(59, 12, 'Как называется прибор для измерения температуры?', 'single_choice', 1, 0, '2026-06-11 14:19:16', '2026-06-11 14:19:16'),
(60, 13, 'Кто был первым космонавтом?', 'single_choice', 1, 0, '2026-06-11 14:19:16', '2026-06-11 14:19:16'),
(61, 13, 'Какой океан самый большой?', 'single_choice', 1, 0, '2026-06-11 14:19:16', '2026-06-11 14:19:16'),
(62, 13, 'Что такое \"горизонт\"?', 'single_choice', 1, 0, '2026-06-11 14:19:16', '2026-06-11 14:19:16'),
(63, 13, 'Какое животное – символ России?', 'single_choice', 1, 0, '2026-06-11 14:19:16', '2026-06-11 14:19:16'),
(64, 13, 'Какой город является столицей России?', 'single_choice', 1, 0, '2026-06-11 14:19:16', '2026-06-11 14:19:16'),
(65, 1, '1+2=', 'single_choice', 1, 0, '2026-06-13 11:41:06', '2026-06-13 11:41:06'),
(67, 16, '2 + 3 = ?', 'single_choice', 1, 0, '2026-06-13 12:02:13', '2026-06-13 12:02:13'),
(68, 16, '5 - 2 = ?', 'single_choice', 1, 0, '2026-06-13 12:02:13', '2026-06-13 12:02:13'),
(69, 16, '4 + 1 = ?', 'single_choice', 1, 0, '2026-06-13 12:02:13', '2026-06-13 12:02:13'),
(70, 16, '7 - 3 = ?', 'single_choice', 1, 0, '2026-06-13 12:02:13', '2026-06-13 12:02:13'),
(71, 16, '0 + 5 = ?', 'single_choice', 1, 0, '2026-06-13 12:02:13', '2026-06-13 12:02:13'),
(72, 17, 'Какое число больше: 7 или 9?', 'single_choice', 1, 0, '2026-06-13 12:02:13', '2026-06-13 12:02:13'),
(73, 17, 'Какое число меньше: 3 или 5?', 'single_choice', 1, 0, '2026-06-13 12:02:13', '2026-06-13 12:02:13'),
(74, 17, '5 + 2 ___ 6', 'single_choice', 1, 0, '2026-06-13 12:02:13', '2026-06-13 12:02:13'),
(75, 17, '8 - 1 ___ 7', 'single_choice', 1, 0, '2026-06-13 12:02:13', '2026-06-13 12:02:13'),
(76, 17, 'Сколько будет 10 - 4?', 'single_choice', 1, 0, '2026-06-13 12:02:13', '2026-06-13 12:02:13'),
(77, 18, '2 × 4 = ?', 'single_choice', 1, 0, '2026-06-13 12:02:13', '2026-06-13 12:02:13'),
(78, 18, '8 ÷ 2 = ?', 'single_choice', 1, 0, '2026-06-13 12:02:13', '2026-06-13 12:02:13'),
(79, 18, '2 × 7 = ?', 'single_choice', 1, 0, '2026-06-13 12:02:13', '2026-06-13 12:02:13'),
(80, 18, '10 ÷ 2 = ?', 'single_choice', 1, 0, '2026-06-13 12:02:13', '2026-06-13 12:02:13'),
(81, 18, 'Сколько ног у 3 кошек?', 'single_choice', 1, 0, '2026-06-13 12:02:13', '2026-06-13 12:02:13'),
(82, 19, '3 × 3 = ?', 'single_choice', 1, 0, '2026-06-13 12:02:13', '2026-06-13 12:02:13'),
(83, 19, '3 × 5 = ?', 'single_choice', 1, 0, '2026-06-13 12:02:14', '2026-06-13 12:02:14'),
(84, 19, '3 × 2 = ?', 'single_choice', 1, 0, '2026-06-13 12:02:14', '2026-06-13 12:02:14'),
(85, 19, '3 × 7 = ?', 'single_choice', 1, 0, '2026-06-13 12:02:14', '2026-06-13 12:02:14'),
(86, 19, 'Сколько будет 3 × 0?', 'single_choice', 1, 0, '2026-06-13 12:02:14', '2026-06-13 12:02:14'),
(87, 20, '20 × 4 = ?', 'single_choice', 1, 0, '2026-06-13 12:02:14', '2026-06-13 12:02:14'),
(88, 20, '90 ÷ 3 = ?', 'single_choice', 1, 0, '2026-06-13 12:02:14', '2026-06-13 12:02:14'),
(89, 20, '15 × 6 = ?', 'single_choice', 1, 0, '2026-06-13 12:02:14', '2026-06-13 12:02:14'),
(90, 20, '120 ÷ 4 = ?', 'single_choice', 1, 0, '2026-06-13 12:02:14', '2026-06-13 12:02:14'),
(91, 20, 'Сколько минут в 2 часах?', 'single_choice', 1, 0, '2026-06-13 12:02:14', '2026-06-13 12:02:14'),
(92, 21, 'Периметр квадрата со стороной 5 см?', 'single_choice', 1, 0, '2026-06-13 12:02:14', '2026-06-13 12:02:14'),
(93, 21, 'Площадь прямоугольника 4×6 см?', 'single_choice', 1, 0, '2026-06-13 12:02:14', '2026-06-13 12:02:14'),
(94, 21, 'Периметр прямоугольника со сторонами 3 и 7 см?', 'single_choice', 1, 0, '2026-06-13 12:02:14', '2026-06-13 12:02:14'),
(95, 21, 'Площадь квадрата со стороной 9 см?', 'single_choice', 1, 0, '2026-06-13 12:02:14', '2026-06-13 12:02:14'),
(96, 21, 'Сколько квадратных сантиметров в 1 дм²?', 'single_choice', 1, 0, '2026-06-13 12:02:14', '2026-06-13 12:02:14'),
(97, 22, 'Какая дробь больше: 1/2 или 1/3?', 'single_choice', 1, 0, '2026-06-13 12:02:14', '2026-06-13 12:02:14'),
(98, 22, 'Сколько будет 1/2 от 10?', 'single_choice', 1, 0, '2026-06-13 12:02:14', '2026-06-13 12:02:14'),
(99, 22, '3/4 + 1/4 = ?', 'single_choice', 1, 0, '2026-06-13 12:02:14', '2026-06-13 12:02:14'),
(100, 22, 'Сколько минут в 1/2 часа?', 'single_choice', 1, 0, '2026-06-13 12:02:14', '2026-06-13 12:02:14'),
(101, 22, 'Какая дробь равна 0,25?', 'single_choice', 1, 0, '2026-06-13 12:02:14', '2026-06-13 12:02:14'),
(102, 23, 'x + 7 = 15, x = ?', 'single_choice', 1, 0, '2026-06-13 12:02:14', '2026-06-13 12:02:14'),
(103, 23, 'y - 4 = 12, y = ?', 'single_choice', 1, 0, '2026-06-13 12:02:14', '2026-06-13 12:02:14'),
(104, 23, '5 × a = 45, a = ?', 'single_choice', 1, 0, '2026-06-13 12:02:14', '2026-06-13 12:02:14'),
(105, 23, 'b ÷ 3 = 8, b = ?', 'single_choice', 1, 0, '2026-06-13 12:02:14', '2026-06-13 12:02:14'),
(106, 23, '2x + 5 = 15, x = ?', 'single_choice', 1, 0, '2026-06-13 12:02:14', '2026-06-13 12:02:14'),
(107, 24, 'Сколько букв в русском алфавите?', 'single_choice', 1, 0, '2026-06-13 12:02:14', '2026-06-13 12:02:14'),
(108, 24, 'Какая буква не гласная?', 'single_choice', 1, 0, '2026-06-13 12:02:14', '2026-06-13 12:02:14'),
(109, 24, 'Какая буква всегда мягкая?', 'single_choice', 1, 0, '2026-06-13 12:02:14', '2026-06-13 12:02:14'),
(110, 24, 'Сколько гласных букв?', 'single_choice', 1, 0, '2026-06-13 12:02:14', '2026-06-13 12:02:14'),
(111, 24, 'Какое слово начинается с гласной?', 'single_choice', 1, 0, '2026-06-13 12:02:14', '2026-06-13 12:02:14'),
(112, 25, 'Сколько слогов в слове \"мама\"?', 'single_choice', 1, 0, '2026-06-13 12:02:14', '2026-06-13 12:02:14'),
(113, 25, 'Сколько слогов в слове \"яблоко\"?', 'single_choice', 1, 0, '2026-06-13 12:02:14', '2026-06-13 12:02:14'),
(114, 25, 'В каком слове ударение на втором слоге?', 'single_choice', 1, 0, '2026-06-13 12:02:14', '2026-06-13 12:02:14'),
(115, 25, 'Как перенести слово \"осень\"?', 'single_choice', 1, 0, '2026-06-13 12:02:14', '2026-06-13 12:02:14'),
(116, 25, 'В слове \"поезд\" количество слогов?', 'single_choice', 1, 0, '2026-06-13 12:02:14', '2026-06-13 12:02:14'),
(117, 26, 'Какое слово – имя существительное?', 'single_choice', 1, 0, '2026-06-13 12:02:14', '2026-06-13 12:02:14'),
(118, 26, 'Какое слово – глагол?', 'single_choice', 1, 0, '2026-06-13 12:02:14', '2026-06-13 12:02:14'),
(119, 26, 'Какое слово – прилагательное?', 'single_choice', 1, 0, '2026-06-13 12:02:14', '2026-06-13 12:02:14'),
(120, 26, 'Найди глагол в прошедшем времени', 'single_choice', 1, 0, '2026-06-13 12:02:14', '2026-06-13 12:02:14'),
(121, 26, 'Какое слово является местоимением?', 'single_choice', 1, 0, '2026-06-13 12:02:14', '2026-06-13 12:02:14'),
(122, 27, 'Вставь букву: \"ж_знь\"', 'single_choice', 1, 0, '2026-06-13 12:02:14', '2026-06-13 12:02:14'),
(123, 27, 'Вставь букву: \"ч_шка\"', 'single_choice', 1, 0, '2026-06-13 12:02:14', '2026-06-13 12:02:14'),
(124, 27, 'Вставь букву: \"щ_ка\"', 'single_choice', 1, 0, '2026-06-13 12:02:14', '2026-06-13 12:02:14'),
(125, 27, 'Какое слово написано правильно?', 'single_choice', 1, 0, '2026-06-13 12:02:14', '2026-06-13 12:02:14'),
(126, 27, 'Какое слово написано правильно?', 'single_choice', 1, 0, '2026-06-13 12:02:14', '2026-06-13 12:02:14'),
(127, 28, 'Вопрос \"кого? чего?\" – какой падеж?', 'single_choice', 1, 0, '2026-06-13 12:02:14', '2026-06-13 12:02:14'),
(128, 28, 'Предлог \"о\" – какой падеж?', 'single_choice', 1, 0, '2026-06-13 12:02:14', '2026-06-13 12:02:14'),
(129, 28, 'Какой падеж требует предлог \"без\"?', 'single_choice', 1, 0, '2026-06-13 12:02:14', '2026-06-13 12:02:14'),
(130, 28, 'Слово \"книгу\" в каком падеже?', 'single_choice', 1, 0, '2026-06-13 12:02:14', '2026-06-13 12:02:14'),
(131, 28, 'Слово \"дружбой\" в каком падеже?', 'single_choice', 1, 0, '2026-06-13 12:02:14', '2026-06-13 12:02:14'),
(132, 29, 'Какого рода слово \"солнце\"?', 'single_choice', 1, 0, '2026-06-13 12:02:14', '2026-06-13 12:02:14'),
(133, 29, 'Какого рода слово \"ночь\"?', 'single_choice', 1, 0, '2026-06-13 12:02:14', '2026-06-13 12:02:14'),
(134, 29, 'Какого рода слово \"стол\"?', 'single_choice', 1, 0, '2026-06-13 12:02:14', '2026-06-13 12:02:14'),
(135, 29, 'Какого рода слово \"мышь\"?', 'single_choice', 1, 0, '2026-06-13 12:02:14', '2026-06-13 12:02:14'),
(136, 29, 'Какого рода слово \"окно\"?', 'single_choice', 1, 0, '2026-06-13 12:02:14', '2026-06-13 12:02:14'),
(137, 30, 'Сколько спряжений у глаголов?', 'single_choice', 1, 0, '2026-06-13 12:02:14', '2026-06-13 12:02:14'),
(138, 30, 'Глагол \"писать\" – какого спряжения?', 'single_choice', 1, 0, '2026-06-13 12:02:14', '2026-06-13 12:02:14'),
(139, 30, 'Глагол \"видеть\" – какого спряжения?', 'single_choice', 1, 0, '2026-06-13 12:02:14', '2026-06-13 12:02:14'),
(140, 30, 'Окончание -ит – это какое спряжение?', 'single_choice', 1, 0, '2026-06-13 12:02:14', '2026-06-13 12:02:14'),
(141, 30, 'Глагол \"держать\" – исключение?', 'single_choice', 1, 0, '2026-06-13 12:02:14', '2026-06-13 12:02:14'),
(142, 31, 'Найди предложение с однородными членами', 'single_choice', 1, 0, '2026-06-13 12:02:14', '2026-06-13 12:02:14'),
(143, 31, 'Какие члены могут быть однородными?', 'single_choice', 1, 0, '2026-06-13 12:02:14', '2026-06-13 12:02:14'),
(144, 31, 'Какой знак ставится между однородными без союза?', 'single_choice', 1, 0, '2026-06-13 12:02:14', '2026-06-13 12:02:14'),
(145, 31, 'Вставь союз: \"Я люблю петь ... танцевать\"', 'single_choice', 1, 0, '2026-06-13 12:02:14', '2026-06-13 12:02:14'),
(146, 31, 'Выбери предложение с однородными сказуемыми', 'single_choice', 1, 0, '2026-06-13 12:02:14', '2026-06-13 12:02:14'),
(147, 32, 'Что относится к живой природе?', 'single_choice', 1, 0, '2026-06-13 12:02:14', '2026-06-13 12:02:14'),
(148, 32, 'Что относится к неживой природе?', 'single_choice', 1, 0, '2026-06-13 12:02:14', '2026-06-13 12:02:14'),
(149, 32, 'К какой природе относится человек?', 'single_choice', 1, 0, '2026-06-13 12:02:14', '2026-06-13 12:02:14'),
(150, 32, 'Что нужно растениям для жизни?', 'single_choice', 1, 0, '2026-06-13 12:02:14', '2026-06-13 12:02:14'),
(151, 32, 'Что даёт нам кислород?', 'single_choice', 1, 0, '2026-06-13 12:02:14', '2026-06-13 12:02:14'),
(152, 33, 'Какое время года после весны?', 'single_choice', 1, 0, '2026-06-13 12:02:14', '2026-06-13 12:02:14'),
(153, 33, 'В каком сезоне листья желтеют и опадают?', 'single_choice', 1, 0, '2026-06-13 12:02:14', '2026-06-13 12:02:14'),
(154, 33, 'В каком сезоне самый короткий день?', 'single_choice', 1, 0, '2026-06-13 12:02:14', '2026-06-13 12:02:14'),
(155, 33, 'Когда птицы улетают в тёплые края?', 'single_choice', 1, 0, '2026-06-13 12:02:14', '2026-06-13 12:02:14'),
(156, 33, 'Какое время года называют \"золотым\"?', 'single_choice', 1, 0, '2026-06-13 12:02:14', '2026-06-13 12:02:14'),
(157, 34, 'Какое дерево – хвойное?', 'single_choice', 1, 0, '2026-06-13 12:02:14', '2026-06-13 12:02:14'),
(158, 34, 'Кто из этих животных впадает в спячку?', 'single_choice', 1, 0, '2026-06-13 12:02:14', '2026-06-13 12:02:14'),
(159, 34, 'Какая птица остаётся зимовать?', 'single_choice', 1, 0, '2026-06-13 12:02:14', '2026-06-13 12:02:14'),
(160, 34, 'Что такое \"красная книга\"?', 'single_choice', 1, 0, '2026-06-13 12:02:14', '2026-06-13 12:02:14'),
(161, 34, 'Что нельзя делать в лесу?', 'single_choice', 1, 0, '2026-06-13 12:02:14', '2026-06-13 12:02:14'),
(162, 35, 'В каком состоянии вода в реке?', 'single_choice', 1, 0, '2026-06-13 12:02:14', '2026-06-13 12:02:14'),
(163, 35, 'Как называется переход воды в пар?', 'single_choice', 1, 0, '2026-06-13 12:02:14', '2026-06-13 12:02:14'),
(164, 35, 'Что происходит с водой при нагревании?', 'single_choice', 1, 0, '2026-06-13 12:02:14', '2026-06-13 12:02:14'),
(165, 35, 'При какой температуре вода замерзает?', 'single_choice', 1, 0, '2026-06-13 12:02:14', '2026-06-13 12:02:14'),
(166, 35, 'Вода растворитель?', 'single_choice', 1, 0, '2026-06-13 12:02:14', '2026-06-13 12:02:14'),
(167, 36, 'Какой орган перекачивает кровь?', 'single_choice', 1, 0, '2026-06-13 12:02:14', '2026-06-13 12:02:14'),
(168, 36, 'Для чего нужны лёгкие?', 'single_choice', 1, 0, '2026-06-13 12:02:14', '2026-06-13 12:02:14'),
(169, 36, 'Что защищает мозг?', 'single_choice', 1, 0, '2026-06-13 12:02:14', '2026-06-13 12:02:14'),
(170, 36, 'Сколько у человека зубов у взрослого?', 'single_choice', 1, 0, '2026-06-13 12:02:14', '2026-06-13 12:02:14'),
(171, 36, 'Что лучше для здоровья?', 'single_choice', 1, 0, '2026-06-13 12:02:14', '2026-06-13 12:02:14'),
(172, 37, 'Что такое глобус?', 'single_choice', 1, 0, '2026-06-13 12:02:14', '2026-06-13 12:02:14'),
(173, 37, 'Сколько материков на Земле?', 'single_choice', 1, 0, '2026-06-13 12:02:14', '2026-06-13 12:02:14'),
(174, 37, 'Какой материк самый жаркий?', 'single_choice', 1, 0, '2026-06-13 12:02:14', '2026-06-13 12:02:14'),
(175, 37, 'Что происходит из-за вращения Земли вокруг Солнца?', 'single_choice', 1, 0, '2026-06-13 12:02:14', '2026-06-13 12:02:14'),
(176, 37, 'Ближайшая к Земле звезда?', 'single_choice', 1, 0, '2026-06-13 12:02:14', '2026-06-13 12:02:14'),
(177, 38, 'Кто считается основателем Москвы?', 'single_choice', 1, 0, '2026-06-13 12:02:14', '2026-06-13 12:02:14'),
(178, 38, 'В каком году началась Великая Отечественная война?', 'single_choice', 1, 0, '2026-06-13 12:02:14', '2026-06-13 12:02:14'),
(179, 38, 'Кто первый полетел в космос?', 'single_choice', 1, 0, '2026-06-13 12:02:14', '2026-06-13 12:02:14'),
(180, 38, 'Какой город был основан Петром I?', 'single_choice', 1, 0, '2026-06-13 12:02:14', '2026-06-13 12:02:14'),
(181, 38, 'Символ России – это ...', 'single_choice', 1, 0, '2026-06-13 12:02:14', '2026-06-13 12:02:14'),
(182, 39, 'Что такое заповедник?', 'single_choice', 1, 0, '2026-06-13 12:02:14', '2026-06-13 12:02:14'),
(183, 39, 'Какое животное занесено в Красную книгу России?', 'single_choice', 1, 0, '2026-06-13 12:02:14', '2026-06-13 12:02:14'),
(184, 39, 'Что нельзя выбрасывать в лесу?', 'single_choice', 1, 0, '2026-06-13 12:02:14', '2026-06-13 12:02:14'),
(185, 39, 'Почему нельзя жечь сухую траву?', 'single_choice', 1, 0, '2026-06-13 12:02:14', '2026-06-13 12:02:14'),
(186, 39, 'Какой вид энергии самый экологичный?', 'single_choice', 1, 0, '2026-06-13 12:02:14', '2026-06-13 12:02:14');

-- --------------------------------------------------------

--
-- Структура таблицы `shop_items`
--

DROP TABLE IF EXISTS `shop_items`;
CREATE TABLE IF NOT EXISTS `shop_items` (
  `id` bigint UNSIGNED NOT NULL AUTO_INCREMENT,
  `name` varchar(191) CHARACTER SET utf8mb4 COLLATE utf8mb4_unicode_ci NOT NULL,
  `type` enum('avatar','frame','theme') CHARACTER SET utf8mb4 COLLATE utf8mb4_unicode_ci NOT NULL,
  `image` varchar(191) CHARACTER SET utf8mb4 COLLATE utf8mb4_unicode_ci DEFAULT NULL,
  `price` int NOT NULL,
  `description` text CHARACTER SET utf8mb4 COLLATE utf8mb4_unicode_ci,
  `is_active` tinyint(1) NOT NULL DEFAULT '1',
  `created_at` timestamp NULL DEFAULT NULL,
  `updated_at` timestamp NULL DEFAULT NULL,
  PRIMARY KEY (`id`)
) ENGINE=MyISAM AUTO_INCREMENT=4 DEFAULT CHARSET=utf8mb4 COLLATE=utf8mb4_unicode_ci;

--
-- Дамп данных таблицы `shop_items`
--

INSERT INTO `shop_items` (`id`, `name`, `type`, `image`, `price`, `description`, `is_active`, `created_at`, `updated_at`) VALUES
(1, 'Пользовательский аватар', 'avatar', 'cat_avatar.png', 50, 'Твоя картинка для аватара!', 1, '2026-05-10 11:56:16', '2026-05-10 11:56:16'),
(2, 'Золотая рамка', 'frame', 'gold-frame', 150, 'Красивая золотая рамка вокруг аватара', 1, '2026-05-10 11:56:16', '2026-05-10 11:56:16'),
(3, 'Тёмная тема', 'theme', 'dark_theme.png', 300, 'Переключает сайт в ночной режим', 1, '2026-05-10 11:56:16', '2026-05-10 11:56:16');

-- --------------------------------------------------------

--
-- Структура таблицы `subjects`
--

DROP TABLE IF EXISTS `subjects`;
CREATE TABLE IF NOT EXISTS `subjects` (
  `id` bigint UNSIGNED NOT NULL AUTO_INCREMENT,
  `name` varchar(100) CHARACTER SET utf8mb4 COLLATE utf8mb4_unicode_ci NOT NULL,
  `icon` varchar(191) CHARACTER SET utf8mb4 COLLATE utf8mb4_unicode_ci NOT NULL,
  `description` text CHARACTER SET utf8mb4 COLLATE utf8mb4_unicode_ci NOT NULL,
  `created_at` timestamp NULL DEFAULT NULL,
  `updated_at` timestamp NULL DEFAULT NULL,
  PRIMARY KEY (`id`)
) ENGINE=MyISAM AUTO_INCREMENT=7 DEFAULT CHARSET=utf8mb4 COLLATE=utf8mb4_unicode_ci;

--
-- Дамп данных таблицы `subjects`
--

INSERT INTO `subjects` (`id`, `name`, `icon`, `description`, `created_at`, `updated_at`) VALUES
(1, 'Математика', 'math_icon.svg', 'Арифметика, геометрия и логика для начальной школы', '2026-05-10 11:56:16', '2026-05-10 11:56:16'),
(2, 'Русский язык', 'russian_icon.svg', 'Грамматика, орфография и пунктуация', '2026-05-10 11:56:16', '2026-05-10 11:56:16'),
(3, 'Окружающий мир', 'world_icon.svg', 'Природа, общество и безопасность', '2026-05-10 11:56:16', '2026-05-10 11:56:16');

-- --------------------------------------------------------

--
-- Структура таблицы `tests`
--

DROP TABLE IF EXISTS `tests`;
CREATE TABLE IF NOT EXISTS `tests` (
  `id` bigint UNSIGNED NOT NULL AUTO_INCREMENT,
  `subject_id` bigint UNSIGNED NOT NULL,
  `difficulty_id` bigint UNSIGNED NOT NULL,
  `title` varchar(191) CHARACTER SET utf8mb4 COLLATE utf8mb4_unicode_ci NOT NULL,
  `description` text CHARACTER SET utf8mb4 COLLATE utf8mb4_unicode_ci,
  `time_limit` int DEFAULT NULL,
  `points_for_completion` int NOT NULL DEFAULT '10',
  `theory` text COLLATE utf8mb4_unicode_ci,
  `is_active` tinyint(1) NOT NULL DEFAULT '1',
  `created_at` timestamp NULL DEFAULT NULL,
  `updated_at` timestamp NULL DEFAULT NULL,
  PRIMARY KEY (`id`),
  KEY `tests_subject_id_foreign` (`subject_id`),
  KEY `tests_difficulty_id_foreign` (`difficulty_id`)
) ENGINE=MyISAM AUTO_INCREMENT=40 DEFAULT CHARSET=utf8mb4 COLLATE=utf8mb4_unicode_ci;

--
-- Дамп данных таблицы `tests`
--

INSERT INTO `tests` (`id`, `subject_id`, `difficulty_id`, `title`, `description`, `time_limit`, `points_for_completion`, `theory`, `is_active`, `created_at`, `updated_at`) VALUES
(16, 1, 1, 'Сложение и вычитание до 10', NULL, NULL, 10, '<h3>Сложение и вычитание</h3><p>Сложение – это объединение чисел. Например, 2 + 3 = 5. Вычитание – это нахождение разности. Например, 5 - 2 = 3.</p>', 1, '2026-06-13 12:02:13', '2026-06-13 12:02:13'),
(2, 1, 1, 'Математика – 1 класс', NULL, NULL, 10, NULL, 1, '2026-06-11 14:19:16', '2026-06-11 14:19:16'),
(3, 1, 2, 'Математика – 2 класс', NULL, NULL, 10, NULL, 1, '2026-06-11 14:19:16', '2026-06-11 14:19:16'),
(4, 1, 3, 'Математика – 3 класс', NULL, NULL, 10, NULL, 1, '2026-06-11 14:19:16', '2026-06-11 14:19:16'),
(5, 1, 4, 'Математика – 4 класс', NULL, NULL, 10, NULL, 1, '2026-06-11 14:19:16', '2026-06-11 14:19:16'),
(6, 2, 1, 'Русский язык – 1 класс', NULL, NULL, 10, NULL, 1, '2026-06-11 14:19:16', '2026-06-11 14:19:16'),
(7, 2, 2, 'Русский язык – 2 класс', NULL, NULL, 10, NULL, 1, '2026-06-11 14:19:16', '2026-06-11 14:19:16'),
(8, 2, 3, 'Русский язык – 3 класс', NULL, NULL, 10, NULL, 1, '2026-06-11 14:19:16', '2026-06-11 14:19:16'),
(9, 2, 4, 'Русский язык – 4 класс', NULL, NULL, 10, NULL, 1, '2026-06-11 14:19:16', '2026-06-11 14:19:16'),
(10, 3, 1, 'Окружающий мир – 1 класс', NULL, NULL, 10, NULL, 1, '2026-06-11 14:19:16', '2026-06-11 14:19:16'),
(11, 3, 2, 'Окружающий мир – 2 класс', NULL, NULL, 10, NULL, 1, '2026-06-11 14:19:16', '2026-06-11 14:19:16'),
(12, 3, 3, 'Окружающий мир – 3 класс', NULL, NULL, 10, NULL, 1, '2026-06-11 14:19:16', '2026-06-11 14:19:16'),
(13, 3, 4, 'Окружающий мир – 4 класс', NULL, NULL, 10, NULL, 1, '2026-06-11 14:19:16', '2026-06-11 14:19:16'),
(17, 1, 1, 'Сравнение чисел', NULL, NULL, 10, '<h3>Сравнение чисел</h3><p>Знак \"больше\" (>), \"меньше\" (<), \"равно\" (=). Например, 5 > 3, 2 < 4.</p>', 1, '2026-06-13 12:02:13', '2026-06-13 12:02:13'),
(18, 1, 2, 'Умножение и деление на 2', NULL, NULL, 10, '<h3>Умножение и деление на 2</h3><p>Умножение – это сложение одинаковых слагаемых. Например, 2 × 3 = 6. Деление – нахождение количества одинаковых частей.</p>', 1, '2026-06-13 12:02:13', '2026-06-13 12:02:13'),
(19, 1, 2, 'Таблица умножения на 3', NULL, NULL, 10, '<h3>Таблица умножения на 3</h3><p>3 × 1 = 3, 3 × 2 = 6, 3 × 3 = 9, 3 × 4 = 12, 3 × 5 = 15.</p>', 1, '2026-06-13 12:02:13', '2026-06-13 12:02:13'),
(20, 1, 3, 'Внетабличное умножение и деление', NULL, NULL, 10, '<h3>Внетабличное умножение и деление</h3><p>Например, 20 × 3 = 60, 60 ÷ 3 = 20.</p>', 1, '2026-06-13 12:02:14', '2026-06-13 12:02:14'),
(21, 1, 3, 'Площадь и периметр', NULL, NULL, 10, '<h3>Площадь и периметр</h3><p>Периметр – сумма всех сторон. Площадь – произведение длины на ширину.</p>', 1, '2026-06-13 12:02:14', '2026-06-13 12:02:14'),
(22, 1, 4, 'Дроби', NULL, NULL, 10, '<h3>Дроби</h3><p>Дробь показывает часть целого. Например, 1/2 – половина.</p>', 1, '2026-06-13 12:02:14', '2026-06-13 12:02:14'),
(23, 1, 4, 'Уравнения', NULL, NULL, 10, '<h3>Уравнения</h3><p>Уравнение – это равенство, содержащее неизвестное число. Например, x + 5 = 10, x = 5.</p>', 1, '2026-06-13 12:02:14', '2026-06-13 12:02:14'),
(24, 2, 1, 'Алфавит и звуки', NULL, NULL, 10, '<h3>Русский алфавит</h3><p>33 буквы. Гласные: А, О, У, Ы, Э, Я, Ё, Ю, И, Е. Согласные: остальные.</p>', 1, '2026-06-13 12:02:14', '2026-06-13 12:02:14'),
(25, 2, 1, 'Слоги и ударение', NULL, NULL, 10, '<h3>Слоги и ударение</h3><p>Слово делится на слоги. Ударение – выделение голосом одного слога.</p>', 1, '2026-06-13 12:02:14', '2026-06-13 12:02:14'),
(26, 2, 2, 'Части речи', NULL, NULL, 10, '<h3>Части речи</h3><p>Имя существительное (кто? что?), имя прилагательное (какой?), глагол (что делает?).</p>', 1, '2026-06-13 12:02:14', '2026-06-13 12:02:14'),
(27, 2, 2, 'Правописание жи-ши, ча-ща, чу-щу', NULL, NULL, 10, '<h3>Правила жи-ши, ча-ща, чу-щу</h3><p>Жи-ши пиши с буквой И. Ча-ща пиши с буквой А. Чу-щу пиши с буквой У.</p>', 1, '2026-06-13 12:02:14', '2026-06-13 12:02:14'),
(28, 2, 3, 'Падежи имён существительных', NULL, NULL, 10, '<h3>Падежи</h3><p>Именительный (кто? что?), Родительный (кого? чего?), Дательный (кому? чему?), Винительный (кого? что?), Творительный (кем? чем?), Предложный (о ком? о чём?).</p>', 1, '2026-06-13 12:02:14', '2026-06-13 12:02:14'),
(29, 2, 3, 'Род имён существительных', NULL, NULL, 10, '<h3>Род имён существительных</h3><p>Мужской (он, мой), женский (она, моя), средний (оно, моё).</p>', 1, '2026-06-13 12:02:14', '2026-06-13 12:02:14'),
(30, 2, 4, 'Спряжение глаголов', NULL, NULL, 10, '<h3>Спряжение глаголов</h3><p>I спряжение: окончания -ешь, -ет, -ем, -ете, -ут (-ют). II спряжение: -ишь, -ит, -им, -ите, -ат (-ят).</p>', 1, '2026-06-13 12:02:14', '2026-06-13 12:02:14'),
(31, 2, 4, 'Однородные члены предложения', NULL, NULL, 10, '<h3>Однородные члены</h3><p>Отвечают на один вопрос, относятся к одному слову, перечисляются.</p>', 1, '2026-06-13 12:02:14', '2026-06-13 12:02:14'),
(32, 3, 1, 'Живая и неживая природа', NULL, NULL, 10, '<h3>Живая и неживая природа</h3><p>Живая природа: растения, животные, грибы, бактерии. Неживая: камни, вода, воздух.</p>', 1, '2026-06-13 12:02:14', '2026-06-13 12:02:14'),
(33, 3, 1, 'Времена года', NULL, NULL, 10, '<h3>Времена года</h3><p>Зима, весна, лето, осень. Каждый сезон имеет свои особенности.</p>', 1, '2026-06-13 12:02:14', '2026-06-13 12:02:14'),
(34, 3, 2, 'Растения и животные леса', NULL, NULL, 10, '<h3>Лес – экосистема</h3><p>В лесу растут деревья, кустарники, травы, живут звери, птицы, насекомые.</p>', 1, '2026-06-13 12:02:14', '2026-06-13 12:02:14'),
(35, 3, 2, 'Вода и её свойства', NULL, NULL, 10, '<h3>Вода</h3><p>Вода бывает в трёх состояниях: жидкое, твёрдое (лёд), газообразное (пар). Не имеет вкуса, цвета, запаха.</p>', 1, '2026-06-13 12:02:14', '2026-06-13 12:02:14'),
(36, 3, 3, 'Организм человека', NULL, NULL, 10, '<h3>Тело человека</h3><p>Скелет, мышцы, сердце, лёгкие, желудок. Здоровый образ жизни.</p>', 1, '2026-06-13 12:02:14', '2026-06-13 12:02:14'),
(37, 3, 3, 'Планета Земля', NULL, NULL, 10, '<h3>Земля – планета</h3><p>Земля вращается вокруг Солнца и вокруг своей оси. Смена дня и ночи, времён года.</p>', 1, '2026-06-13 12:02:14', '2026-06-13 12:02:14'),
(38, 3, 4, 'История России (основные события)', NULL, NULL, 10, '<h3>Вехи истории России</h3><p>Киевская Русь, Куликовская битва, правление Петра I, Великая Отечественная война.</p>', 1, '2026-06-13 12:02:14', '2026-06-13 12:02:14'),
(39, 3, 4, 'Береги природу!', NULL, NULL, 10, '<h3>Охрана природы</h3><p>Красная книга, заповедники, экологические проблемы. Как помочь природе.</p>', 1, '2026-06-13 12:02:14', '2026-06-13 12:02:14');

-- --------------------------------------------------------

--
-- Структура таблицы `test_results`
--

DROP TABLE IF EXISTS `test_results`;
CREATE TABLE IF NOT EXISTS `test_results` (
  `id` bigint UNSIGNED NOT NULL AUTO_INCREMENT,
  `user_id` bigint UNSIGNED NOT NULL,
  `test_id` bigint UNSIGNED NOT NULL,
  `score` int NOT NULL,
  `max_score` int NOT NULL,
  `percentage` decimal(5,2) DEFAULT NULL,
  `time_spent` int DEFAULT NULL,
  `completed_at` timestamp NOT NULL DEFAULT CURRENT_TIMESTAMP,
  PRIMARY KEY (`id`),
  KEY `test_results_user_id_foreign` (`user_id`),
  KEY `test_results_test_id_foreign` (`test_id`)
) ENGINE=MyISAM AUTO_INCREMENT=21 DEFAULT CHARSET=utf8mb4 COLLATE=utf8mb4_unicode_ci;

--
-- Дамп данных таблицы `test_results`
--

INSERT INTO `test_results` (`id`, `user_id`, `test_id`, `score`, `max_score`, `percentage`, `time_spent`, `completed_at`) VALUES
(17, 4, 12, 5, 5, 100.00, NULL, '2026-06-11 21:31:31'),
(18, 4, 6, 4, 5, 80.00, NULL, '2026-06-11 21:41:08');

-- --------------------------------------------------------

--
-- Структура таблицы `users`
--

DROP TABLE IF EXISTS `users`;
CREATE TABLE IF NOT EXISTS `users` (
  `id` bigint UNSIGNED NOT NULL AUTO_INCREMENT,
  `name` varchar(191) CHARACTER SET utf8mb4 COLLATE utf8mb4_unicode_ci NOT NULL,
  `email` varchar(191) CHARACTER SET utf8mb4 COLLATE utf8mb4_unicode_ci NOT NULL,
  `password` varchar(191) CHARACTER SET utf8mb4 COLLATE utf8mb4_unicode_ci NOT NULL,
  `remember_token` varchar(100) CHARACTER SET utf8mb4 COLLATE utf8mb4_unicode_ci DEFAULT NULL,
  `avatar_path` varchar(191) COLLATE utf8mb4_unicode_ci DEFAULT NULL,
  `frame_class` varchar(255) COLLATE utf8mb4_unicode_ci DEFAULT NULL,
  `can_upload_avatar` tinyint(1) NOT NULL DEFAULT '0',
  `can_change_theme` tinyint(1) NOT NULL DEFAULT '0',
  `role` enum('student','admin') CHARACTER SET utf8mb4 COLLATE utf8mb4_unicode_ci NOT NULL DEFAULT 'student',
  `avatar` varchar(191) CHARACTER SET utf8mb4 COLLATE utf8mb4_unicode_ci NOT NULL DEFAULT 'default.png',
  `theme` varchar(191) CHARACTER SET utf8mb4 COLLATE utf8mb4_unicode_ci NOT NULL DEFAULT 'light',
  `points` int NOT NULL DEFAULT '0',
  `created_at` timestamp NULL DEFAULT NULL,
  `updated_at` timestamp NULL DEFAULT NULL,
  PRIMARY KEY (`id`),
  UNIQUE KEY `users_email_unique` (`email`)
) ENGINE=MyISAM AUTO_INCREMENT=7 DEFAULT CHARSET=utf8mb4 COLLATE=utf8mb4_unicode_ci;

--
-- Дамп данных таблицы `users`
--

INSERT INTO `users` (`id`, `name`, `email`, `password`, `remember_token`, `avatar_path`, `frame_class`, `can_upload_avatar`, `can_change_theme`, `role`, `avatar`, `theme`, `points`, `created_at`, `updated_at`) VALUES
(1, 'Ученик Тестович', 'student@test.ru', '$2y$12$hnlmkM7pvUUWYjy627uI/.abLSUO3IuT76kXft2MkuD7gT0KFR2LG', NULL, NULL, NULL, 0, 0, 'student', 'cat_avatar.png', 'light', 42, '2026-05-10 11:56:16', '2026-05-11 10:29:10'),
(2, 'Администратор', 'admin@test.ru', '$2y$12$UhE.IHiQY7maCeBGiGFUKuHNkZaoBDGkzNRm7GLa6fPEXVJ4oRWva', NULL, NULL, NULL, 0, 0, 'admin', 'default.png', 'light', 0, '2026-05-10 11:59:51', '2026-05-10 11:59:51'),
(3, 'Алфимов Даниил Викторович', 'alfimovdaniil2006@gmail.com', '$2y$12$JApNvgMYFEyAn7JSKE9b2.VbkxoTs6bVTSwcI.HQZ9M.8F5HWGeLG', NULL, NULL, NULL, 0, 0, 'admin', 'cat_avatar.png', 'Тёмная тема', 1530, '2026-05-10 12:23:10', '2026-05-13 01:14:46'),
(4, 'Никитос бог', 'nikita@gmail.com', '$2y$12$LcErXZCZf4jrJeRJWCaYqOqH2FRUOFySAMszutxBuQIXF.CjSqGSi', 'gmsZ8ILGfRUaB1paF7gxBkGTtBYSAFgrPObnklrfPJQyoujqfKj4DJ7r4RJk', 'avatars/RPvGBSZ7oie2p0c7ycZr1OLhzwCTBOtn7SP2THr4.webp', 'gold-frame', 1, 1, 'admin', 'cat_avatar.png', 'Тёмная тема', 701, '2026-06-11 00:01:07', '2026-06-11 14:59:52');

-- --------------------------------------------------------

--
-- Структура таблицы `user_achievements`
--

DROP TABLE IF EXISTS `user_achievements`;
CREATE TABLE IF NOT EXISTS `user_achievements` (
  `id` bigint UNSIGNED NOT NULL AUTO_INCREMENT,
  `user_id` bigint UNSIGNED NOT NULL,
  `achievement_id` bigint UNSIGNED NOT NULL,
  `earned_at` timestamp NOT NULL DEFAULT CURRENT_TIMESTAMP,
  PRIMARY KEY (`id`),
  UNIQUE KEY `user_achievements_user_id_achievement_id_unique` (`user_id`,`achievement_id`),
  KEY `user_achievements_achievement_id_foreign` (`achievement_id`)
) ENGINE=MyISAM DEFAULT CHARSET=utf8mb4 COLLATE=utf8mb4_unicode_ci;
COMMIT;

/*!40101 SET CHARACTER_SET_CLIENT=@OLD_CHARACTER_SET_CLIENT */;
/*!40101 SET CHARACTER_SET_RESULTS=@OLD_CHARACTER_SET_RESULTS */;
/*!40101 SET COLLATION_CONNECTION=@OLD_COLLATION_CONNECTION */;
